"name","path","extension","length"
"001a31e031088c74a1ca010ca86e508adbaf20607048cec8364a87747bb2322b.apk","E:\train_2\001a31e031088c74a1ca010ca86e508adbaf20607048cec8364a87747bb2322b.apk",".apk","2471503"
"004de9878b8b122723d05f7c75ed7712a913ce6c2a70ed7e73b289a4035b8b75.apk","E:\train_2\004de9878b8b122723d05f7c75ed7712a913ce6c2a70ed7e73b289a4035b8b75.apk",".apk","12936202"
"00f0cc87fae468494e1db0fdee5100c841d1cbbed39df8f944206cba199b276a.apk","E:\train_2\00f0cc87fae468494e1db0fdee5100c841d1cbbed39df8f944206cba199b276a.apk",".apk","10725198"
"01a90e4414c03661fd34aa08076864116dbbd2533a70ba8113412d44ba6b7718.apk","E:\train_2\01a90e4414c03661fd34aa08076864116dbbd2533a70ba8113412d44ba6b7718.apk",".apk","20430964"
"01b3517d367389f7372e8afcc808f9ddcc6c9e7e2ccf4c7eb3db15a8cce95718.apk","E:\train_2\01b3517d367389f7372e8afcc808f9ddcc6c9e7e2ccf4c7eb3db15a8cce95718.apk",".apk","22226047"
"01ee0ed05ffed75ebdc7bd8949300b3b548f9f41d38ba9d869d98f2a003a98eb.apk","E:\train_2\01ee0ed05ffed75ebdc7bd8949300b3b548f9f41d38ba9d869d98f2a003a98eb.apk",".apk","3189986"
"02b0c59286e18a056868012a1378dfa4d20d2bff3ea50cad7de7c0d2ae98959a.apk","E:\train_2\02b0c59286e18a056868012a1378dfa4d20d2bff3ea50cad7de7c0d2ae98959a.apk",".apk","79630079"
"03ae833b666b80321dc07e44d15fd796c54ba2f1786b0236fa045cbe356eebed.apk","E:\train_2\03ae833b666b80321dc07e44d15fd796c54ba2f1786b0236fa045cbe356eebed.apk",".apk","25113721"
"03c98eb2aba62f8654d484f6353523377b2e259d0acb710a629ec3bcb5cfc61d.apk","E:\train_2\03c98eb2aba62f8654d484f6353523377b2e259d0acb710a629ec3bcb5cfc61d.apk",".apk","4229141"
"03d7849c7fb5ec564f02575580331701367159046f0b710a27c3cdca8a01ec60.apk","E:\train_2\03d7849c7fb5ec564f02575580331701367159046f0b710a27c3cdca8a01ec60.apk",".apk","3492529"
"03dbe9afc5be827ba1b2f9d2b774e82c6a266d3d7adb5807422734bd667c5e27.apk","E:\train_2\03dbe9afc5be827ba1b2f9d2b774e82c6a266d3d7adb5807422734bd667c5e27.apk",".apk","8215387"
"03ea81e632818e26e9362024bfd93893593154c15675a896484e0f432185fcfa.apk","E:\train_2\03ea81e632818e26e9362024bfd93893593154c15675a896484e0f432185fcfa.apk",".apk","13296522"
"04a91fa150d454e685d6f716cda641c77337de7b8bb54f652086140d9dc14f60.apk","E:\train_2\04a91fa150d454e685d6f716cda641c77337de7b8bb54f652086140d9dc14f60.apk",".apk","5136889"
"04bdd0a9247b6cae4778d08dc87bc2854fbbdf4051cf1fbd90726c983a78768a.apk","E:\train_2\04bdd0a9247b6cae4778d08dc87bc2854fbbdf4051cf1fbd90726c983a78768a.apk",".apk","9297222"
"05fa0ae96729aeebb43c492618dc55282a7fb9d62818cc0b79ed954ede100133-8645c67d0cdc.apk.qkdownloading","E:\train_2\05fa0ae96729aeebb43c492618dc55282a7fb9d62818cc0b79ed954ede100133-8645c67d0cdc.apk.qkdownloading",".qkdownloading","441665"
"06a721822917d139fc15937327cefe3e2940811207efc6ccb6fdc9842f771720-f343e96d611f.apk.qkdownloading","E:\train_2\06a721822917d139fc15937327cefe3e2940811207efc6ccb6fdc9842f771720-f343e96d611f.apk.qkdownloading",".qkdownloading","212289"
"0a0ac8acd50f8c30739797192117e2fd8d3bbe88deb58f4ff7ff5186d64b2bd5.apk","E:\train_2\0a0ac8acd50f8c30739797192117e2fd8d3bbe88deb58f4ff7ff5186d64b2bd5.apk",".apk","8254695"
"0ab6ef31426969fa16140525c86dc1b630585379ccc354da5dbd8426ee4f2181.apk","E:\train_2\0ab6ef31426969fa16140525c86dc1b630585379ccc354da5dbd8426ee4f2181.apk",".apk","71712612"
"0afb952e8839a5971c2165464fe952083b9d3b92238dfbf15f08181f37785084.apk","E:\train_2\0afb952e8839a5971c2165464fe952083b9d3b92238dfbf15f08181f37785084.apk",".apk","16833599"
"0b67dfe263912ceb2e745e29403675242b25605782ded3d80366ef0d44925125.apk","E:\train_2\0b67dfe263912ceb2e745e29403675242b25605782ded3d80366ef0d44925125.apk",".apk","54448906"
"0b6be7bb3b6ed20044d24e8f1ca4374126fe0f9ead89a4e5a609a35d7dc2200e.apk","E:\train_2\0b6be7bb3b6ed20044d24e8f1ca4374126fe0f9ead89a4e5a609a35d7dc2200e.apk",".apk","8733424"
"0b700af79d7c99cadc7013996c054c59494a86638ffd88d55d92bebe726cfe78.apk","E:\train_2\0b700af79d7c99cadc7013996c054c59494a86638ffd88d55d92bebe726cfe78.apk",".apk","70679198"
"0b70972c6d77a46a1b421ed596acc8d69b75e6da1398e5747493074a0b1f5f91.apk","E:\train_2\0b70972c6d77a46a1b421ed596acc8d69b75e6da1398e5747493074a0b1f5f91.apk",".apk","12026162"
"0b874c3e1d9c8c28ff468cf24e1c27939d4e31bad284949da8415bf2ac95cab8.apk","E:\train_2\0b874c3e1d9c8c28ff468cf24e1c27939d4e31bad284949da8415bf2ac95cab8.apk",".apk","2403210"
"0b88caa33614d370dd8b90b00b8f8ef563ef84e85691a56e8557d883f648d6c3.apk","E:\train_2\0b88caa33614d370dd8b90b00b8f8ef563ef84e85691a56e8557d883f648d6c3.apk",".apk","2693150"
"0b8bccd88ac342a5dbf8b6aad2668a6f9e58dd5de513021bb671a289ed120e54.apk","E:\train_2\0b8bccd88ac342a5dbf8b6aad2668a6f9e58dd5de513021bb671a289ed120e54.apk",".apk","9802106"
"0b90f47216aa9fda21bee887dea66bb9b0fbbc4363cf4c64f5760712cd761abf.apk","E:\train_2\0b90f47216aa9fda21bee887dea66bb9b0fbbc4363cf4c64f5760712cd761abf.apk",".apk","13942088"
"0bbc1fbe5243f3d32966d5847316d2d94f710caeb32f7640a7ab2cdcdd211360.apk","E:\train_2\0bbc1fbe5243f3d32966d5847316d2d94f710caeb32f7640a7ab2cdcdd211360.apk",".apk","11739713"
"0bda1311a040a961c67c15ba03e71a4273fe913ffbf8bcb9f74009d4b8c00084.apk","E:\train_2\0bda1311a040a961c67c15ba03e71a4273fe913ffbf8bcb9f74009d4b8c00084.apk",".apk","8706316"
"0c0cfdc22e7579d7b24e844bc5cf60074f357ceccfe8aa87618c464bfe0dff79.apk","E:\train_2\0c0cfdc22e7579d7b24e844bc5cf60074f357ceccfe8aa87618c464bfe0dff79.apk",".apk","65367832"
"0c14e23731afa84e671b84d87069dfba98983c458407bf5f8e5169846a09581c.apk","E:\train_2\0c14e23731afa84e671b84d87069dfba98983c458407bf5f8e5169846a09581c.apk",".apk","2319181"
"0c1a7aed206c4dc5d72e824b226b5ee1e392f62033d76dfb00526ab7bfde3dce.apk","E:\train_2\0c1a7aed206c4dc5d72e824b226b5ee1e392f62033d76dfb00526ab7bfde3dce.apk",".apk","12872644"
"0c41ecd22d0be2217717f218a1e9dcccc3fdd4de6288585ed1fea16bb4f55414.apk","E:\train_2\0c41ecd22d0be2217717f218a1e9dcccc3fdd4de6288585ed1fea16bb4f55414.apk",".apk","10830017"
"0c4e18aff043d19b4af54ea7cc853779df6ecbd308460b2faffe35b6b36c0362.apk","E:\train_2\0c4e18aff043d19b4af54ea7cc853779df6ecbd308460b2faffe35b6b36c0362.apk",".apk","13021183"
"0c66342895613ab2ab0bf21272208928af7ec1cdb3ee78bd89b27c2f19eeacc7.apk","E:\train_2\0c66342895613ab2ab0bf21272208928af7ec1cdb3ee78bd89b27c2f19eeacc7.apk",".apk","4570029"
"0c76c2ede12948b70bf85ba2b031dabe2296a247bbdea9549b902b578e01a94e.apk","E:\train_2\0c76c2ede12948b70bf85ba2b031dabe2296a247bbdea9549b902b578e01a94e.apk",".apk","18239866"
"0cbc7d6642fba43fb7f4c741024dc6a4506726a3a1dea3c082dd386bdd55ffeb.apk","E:\train_2\0cbc7d6642fba43fb7f4c741024dc6a4506726a3a1dea3c082dd386bdd55ffeb.apk",".apk","32107661"
"0cc80af36b9682152e872b50885010b402d2050f1206998188f35d82315342fa.apk","E:\train_2\0cc80af36b9682152e872b50885010b402d2050f1206998188f35d82315342fa.apk",".apk","15818184"
"0cdd71408dfa4fc57dbe4778d4b6d04add0d0094a3aadc1efa639d87b7769128.apk","E:\train_2\0cdd71408dfa4fc57dbe4778d4b6d04add0d0094a3aadc1efa639d87b7769128.apk",".apk","17852486"
"0cf656efad9548d287397ed76fc89dfc5101474cb49c48469fbbcd55ea19050c.apk","E:\train_2\0cf656efad9548d287397ed76fc89dfc5101474cb49c48469fbbcd55ea19050c.apk",".apk","16433251"
"0d09e3e5c78169422a71566c20e386afe61a9b59ba840f1eaad3c17fea84e3d5.apk","E:\train_2\0d09e3e5c78169422a71566c20e386afe61a9b59ba840f1eaad3c17fea84e3d5.apk",".apk","4342973"
"0d583c5b4a88e4e726a42df7d77fcca621e81cdb767797052598197c1f4f4cc8.apk","E:\train_2\0d583c5b4a88e4e726a42df7d77fcca621e81cdb767797052598197c1f4f4cc8.apk",".apk","5852348"
"0d6c8917988efa3d9b5d55cdf295ec443567c97297f1dc8371375e39e4f61a6f.apk","E:\train_2\0d6c8917988efa3d9b5d55cdf295ec443567c97297f1dc8371375e39e4f61a6f.apk",".apk","11579010"
"0d73aefa9df82bfb6cb225144ca04912a04c8f8ef9d06cbebb1f18a4943e8264.apk","E:\train_2\0d73aefa9df82bfb6cb225144ca04912a04c8f8ef9d06cbebb1f18a4943e8264.apk",".apk","26980568"
"0d81c1184af40c30daa6b8645e57781db5f7eee4a3d56fa063ec9fe14e4241f9.apk","E:\train_2\0d81c1184af40c30daa6b8645e57781db5f7eee4a3d56fa063ec9fe14e4241f9.apk",".apk","29089273"
"0da325ec3bc355a0bc91636280de37cdeff08996d22d35eb10056267120ee28d.apk","E:\train_2\0da325ec3bc355a0bc91636280de37cdeff08996d22d35eb10056267120ee28d.apk",".apk","23245028"
"0db160fb14c4b9ab44b73cfcb6d28f3ce37be45896a0526caa7ee53cba7a5e53.apk","E:\train_2\0db160fb14c4b9ab44b73cfcb6d28f3ce37be45896a0526caa7ee53cba7a5e53.apk",".apk","14250879"
"0dca51736a666a329150423d37702b418962822924c89ab067061f4205d034ea.apk","E:\train_2\0dca51736a666a329150423d37702b418962822924c89ab067061f4205d034ea.apk",".apk","1866966"
"0dd1e3396300ba3ea167a1f80dde976eff8c0a0bbf6a913aabbbc751c65f326b.apk","E:\train_2\0dd1e3396300ba3ea167a1f80dde976eff8c0a0bbf6a913aabbbc751c65f326b.apk",".apk","9527572"
"0de72a071f4a42f46d248a3a160d33574f2cec36918f07853866e39164a69ca5.apk","E:\train_2\0de72a071f4a42f46d248a3a160d33574f2cec36918f07853866e39164a69ca5.apk",".apk","14170782"
"0de8e0789d268942e09790d16c8e72f5cc1319a462b8f2847434ef63353b62c5.apk","E:\train_2\0de8e0789d268942e09790d16c8e72f5cc1319a462b8f2847434ef63353b62c5.apk",".apk","4426443"
"0debdc607c1be169d812475a16bb347e9b8dd21c53a42b6c503471691dbdc439.apk","E:\train_2\0debdc607c1be169d812475a16bb347e9b8dd21c53a42b6c503471691dbdc439.apk",".apk","6628149"
"0df4d58d3b6e9673f0a9d9b5020348cc92c32d5d8e30bb12e3340e0f1a7893de.apk","E:\train_2\0df4d58d3b6e9673f0a9d9b5020348cc92c32d5d8e30bb12e3340e0f1a7893de.apk",".apk","8150992"
"0dfff949e9770e5b4dad83acff8fbc4ca97455a33b098af428efc2e22a0b3ac0.apk","E:\train_2\0dfff949e9770e5b4dad83acff8fbc4ca97455a33b098af428efc2e22a0b3ac0.apk",".apk","24327604"
"0e082731c6b3ef7b375ca9451658c43960d81519acde5e76967f4f75a14cef48.apk","E:\train_2\0e082731c6b3ef7b375ca9451658c43960d81519acde5e76967f4f75a14cef48.apk",".apk","40367780"
"0e3f55e4a2548b6d6583d4609262fd0679a7b2645365ddc5722f71d94a138b80.apk","E:\train_2\0e3f55e4a2548b6d6583d4609262fd0679a7b2645365ddc5722f71d94a138b80.apk",".apk","25771066"
"0e681c0018e6855713dd14862fc1b9b6bb5ebc95c6b7abbe81905d42e1f27b5d.apk","E:\train_2\0e681c0018e6855713dd14862fc1b9b6bb5ebc95c6b7abbe81905d42e1f27b5d.apk",".apk","20993629"
"0e92b147da0bfb389903f3a35102bd9d15d958f499ecbddb5b899554f0d26be1.apk","E:\train_2\0e92b147da0bfb389903f3a35102bd9d15d958f499ecbddb5b899554f0d26be1.apk",".apk","4412035"
"0e93ea02e7f74a7c3e0e49b1cd64598a7d1bc00e73bc3c7de1088fb096d56305.apk","E:\train_2\0e93ea02e7f74a7c3e0e49b1cd64598a7d1bc00e73bc3c7de1088fb096d56305.apk",".apk","26707998"
"0eb66953577a7315efd79ce6bdbfbf168be82b546da9783783e92e0f4ab4cd6c.apk","E:\train_2\0eb66953577a7315efd79ce6bdbfbf168be82b546da9783783e92e0f4ab4cd6c.apk",".apk","2837797"
"0eb7c89deb5a39fd59fab4ffd4f5be90c3d55fcd570880e19599aee2a4d25560.apk","E:\train_2\0eb7c89deb5a39fd59fab4ffd4f5be90c3d55fcd570880e19599aee2a4d25560.apk",".apk","15460512"
"0ed76b822dfd2709031fea037c8a494157d03cf55d699dd2a0761de67e7d33d5.apk","E:\train_2\0ed76b822dfd2709031fea037c8a494157d03cf55d699dd2a0761de67e7d33d5.apk",".apk","26440449"
"0eea0b3b5f4486cf44f3f5e6fe06294351529b92169a39986d4f18dfbca8aaa0.apk","E:\train_2\0eea0b3b5f4486cf44f3f5e6fe06294351529b92169a39986d4f18dfbca8aaa0.apk",".apk","97355232"
"0efeb0d879b7b0fa593049e60478ba63dff0273acae7e51d700303827f7accd9.apk","E:\train_2\0efeb0d879b7b0fa593049e60478ba63dff0273acae7e51d700303827f7accd9.apk",".apk","4380138"
"0f2f504a4247e1d0ae98b9163daaa9922f5f2420db4c3c0ecc14a5d9e432d502.apk","E:\train_2\0f2f504a4247e1d0ae98b9163daaa9922f5f2420db4c3c0ecc14a5d9e432d502.apk",".apk","40939080"
"0f71cc97ff80117a67014576fe2d3170736daf689b11cf8b84586994d7d20910.apk","E:\train_2\0f71cc97ff80117a67014576fe2d3170736daf689b11cf8b84586994d7d20910.apk",".apk","33793299"
"0f9480c30ca5fc3653cc8184b9e2284df2cfcd38d456268836e387751aa2f15f.apk","E:\train_2\0f9480c30ca5fc3653cc8184b9e2284df2cfcd38d456268836e387751aa2f15f.apk",".apk","13103082"
"0f95c9a5eacdb5c57112ecb2bda53de2edb8b1e755d3808fc19b9c054cd994e0.apk","E:\train_2\0f95c9a5eacdb5c57112ecb2bda53de2edb8b1e755d3808fc19b9c054cd994e0.apk",".apk","32451596"
"0fb9ca6f9b3a0cfeb61cf8e3bc6ca0af25cf5b10f7280d1ff46d3a61b495910a.apk","E:\train_2\0fb9ca6f9b3a0cfeb61cf8e3bc6ca0af25cf5b10f7280d1ff46d3a61b495910a.apk",".apk","7741938"
"0fbd3afdcb7b6de1fa03dcae22c43020d594e476a16aeb83fb9b70291b4668db.apk","E:\train_2\0fbd3afdcb7b6de1fa03dcae22c43020d594e476a16aeb83fb9b70291b4668db.apk",".apk","8937699"
"0fc65c0d2dcc82a6248d57b71dba6573e5ed361c7e214b97181d0afa7280b722.apk","E:\train_2\0fc65c0d2dcc82a6248d57b71dba6573e5ed361c7e214b97181d0afa7280b722.apk",".apk","15832151"
"0fe666775e36bd6d4b8552d765b57ccfc12dbeaeebffa264c1b3f58809d8682b.apk","E:\train_2\0fe666775e36bd6d4b8552d765b57ccfc12dbeaeebffa264c1b3f58809d8682b.apk",".apk","48655952"
"1a0c0711e76ae6c3dc85e55ca8fb327fb5e3bb7ec0b5724945650464c569d768.apk","E:\train_2\1a0c0711e76ae6c3dc85e55ca8fb327fb5e3bb7ec0b5724945650464c569d768.apk",".apk","80007153"
"1a56211a0cd0df27afef8981ad63cee5ca9da3d169bac6ead3e498b06da4f245.apk","E:\train_2\1a56211a0cd0df27afef8981ad63cee5ca9da3d169bac6ead3e498b06da4f245.apk",".apk","8309143"
"1a876fa1bd4ace01fcbc6c62772d395e9934c25cc63698a6e2c328b8ce5e994e.apk","E:\train_2\1a876fa1bd4ace01fcbc6c62772d395e9934c25cc63698a6e2c328b8ce5e994e.apk",".apk","29528678"
"1aa1459802222ff27af72a907fec61e0bddc2de0c3df922c52deb895f750beaa.apk","E:\train_2\1aa1459802222ff27af72a907fec61e0bddc2de0c3df922c52deb895f750beaa.apk",".apk","2499760"
"1aad39159670a9ba1bb9a4b0a52361fa863b6b2c636e165ae6176f0078ab6e80.apk","E:\train_2\1aad39159670a9ba1bb9a4b0a52361fa863b6b2c636e165ae6176f0078ab6e80.apk",".apk","6983567"
"1aaef1438e67ca068c8fa747a969dfc838c610fa73ae0235f2a0c287467e895f.apk","E:\train_2\1aaef1438e67ca068c8fa747a969dfc838c610fa73ae0235f2a0c287467e895f.apk",".apk","12510898"
"1ac70ba4e3e2b10f5228f3c2cc4445be6630d3c074e9f54f608d54fbc7d3053e.apk","E:\train_2\1ac70ba4e3e2b10f5228f3c2cc4445be6630d3c074e9f54f608d54fbc7d3053e.apk",".apk","14370051"
"1aefb9c82ce9636616bc5deee07d8eb8714e2d2dd057e70a8e6406ad33e2264c.apk","E:\train_2\1aefb9c82ce9636616bc5deee07d8eb8714e2d2dd057e70a8e6406ad33e2264c.apk",".apk","5793727"
"1b194c7f86c5e48623fb5c114a5faa2481e419c2253fa0a1cc2530d080921fca.apk","E:\train_2\1b194c7f86c5e48623fb5c114a5faa2481e419c2253fa0a1cc2530d080921fca.apk",".apk","3278121"
"1b9e04c065d69485ab959f11b21b44276c28e987f95185c29f46ce841aaec075.apk","E:\train_2\1b9e04c065d69485ab959f11b21b44276c28e987f95185c29f46ce841aaec075.apk",".apk","11150140"
"1bc0d6564e03620c7af7625a8c4040425f7e9a8d3e90bca0aba2f21970cbb674.apk","E:\train_2\1bc0d6564e03620c7af7625a8c4040425f7e9a8d3e90bca0aba2f21970cbb674.apk",".apk","25623282"
"1bd1da9fbf6f3487c1de439349a8a7e498a1f6f6208bc4cc8939477aa85980d7.apk","E:\train_2\1bd1da9fbf6f3487c1de439349a8a7e498a1f6f6208bc4cc8939477aa85980d7.apk",".apk","23173063"
"1bf5bca257f3eaa01c0d589e978217069f566f3575441e04fe23ea3efd6ebcba.apk","E:\train_2\1bf5bca257f3eaa01c0d589e978217069f566f3575441e04fe23ea3efd6ebcba.apk",".apk","8251449"
"1c0cef31c4e3f04183fc0b76b82080a229aabc16090c39cd5b1bf05fb55ad855.apk","E:\train_2\1c0cef31c4e3f04183fc0b76b82080a229aabc16090c39cd5b1bf05fb55ad855.apk",".apk","13726390"
"1c12db23076c4e4934ed9e57f5bb00807dbc4c987b3fe6c389dfb4a5be4eeb07.apk","E:\train_2\1c12db23076c4e4934ed9e57f5bb00807dbc4c987b3fe6c389dfb4a5be4eeb07.apk",".apk","7274227"
"1c1f6467e732181d420bb1c5f3687970b54929cf78395e02df11ba078f590ac3.apk","E:\train_2\1c1f6467e732181d420bb1c5f3687970b54929cf78395e02df11ba078f590ac3.apk",".apk","16435707"
"1c6c27e9c4f89c3707644a1aedef717114f15c4080c66d074b5c49884fc5425d.apk","E:\train_2\1c6c27e9c4f89c3707644a1aedef717114f15c4080c66d074b5c49884fc5425d.apk",".apk","6931986"
"1cf2f15857f94bcf9d315a11a765f367bde0de6998692300d0a443ee866dc44a.apk","E:\train_2\1cf2f15857f94bcf9d315a11a765f367bde0de6998692300d0a443ee866dc44a.apk",".apk","410336"
"1d486851815b72c58392bc1c8bc3217b8d33f02152f775738208ddf71742fcd3.apk","E:\train_2\1d486851815b72c58392bc1c8bc3217b8d33f02152f775738208ddf71742fcd3.apk",".apk","5870569"
"1d578f4cb9d7e4600cd11d1856837dacdfb8228314c77a7cedf85fdf5e58cf58.apk","E:\train_2\1d578f4cb9d7e4600cd11d1856837dacdfb8228314c77a7cedf85fdf5e58cf58.apk",".apk","9311706"
"1d8f44a6faa021d3ea1e76bd3b2ced384eef847be3d4eee2a77f18d02d797ac5.apk","E:\train_2\1d8f44a6faa021d3ea1e76bd3b2ced384eef847be3d4eee2a77f18d02d797ac5.apk",".apk","18409429"
"1de9090670593eae7f2d28fbb6d38cd86bc21cc7610a35950d0b315fcd1bdd84.apk","E:\train_2\1de9090670593eae7f2d28fbb6d38cd86bc21cc7610a35950d0b315fcd1bdd84.apk",".apk","19226557"
"1e05fb46784fa0057e89b470ddd63441a64f3b0a658993027e6ea4dd17447363.apk","E:\train_2\1e05fb46784fa0057e89b470ddd63441a64f3b0a658993027e6ea4dd17447363.apk",".apk","10940687"
"1e2891b19cdb767790d9cc0c122e186be96c1732a91390d150ab06b7889a3761.apk","E:\train_2\1e2891b19cdb767790d9cc0c122e186be96c1732a91390d150ab06b7889a3761.apk",".apk","22326586"
"1e2ddafa68dc76ef3b85eb3915376d4ad37b3b6b1eff75e1f934104f5dafab90.apk","E:\train_2\1e2ddafa68dc76ef3b85eb3915376d4ad37b3b6b1eff75e1f934104f5dafab90.apk",".apk","10400761"
"1e370fa325271955339931fa043a82ef92d913017375670ac1e5c8dd91c80820.apk","E:\train_2\1e370fa325271955339931fa043a82ef92d913017375670ac1e5c8dd91c80820.apk",".apk","2252898"
"1e41b2d6521ad96181b04717bb2abd57b322fbd3b6d1944ec48e0f6b07f02e8e.apk","E:\train_2\1e41b2d6521ad96181b04717bb2abd57b322fbd3b6d1944ec48e0f6b07f02e8e.apk",".apk","5306222"
"1e61cd99d6abbfcef8bacdd988fb22e0516e911cd7ce62484026da641a547686.apk","E:\train_2\1e61cd99d6abbfcef8bacdd988fb22e0516e911cd7ce62484026da641a547686.apk",".apk","22893850"
"1e718700f2dc1cdfa04def8fb0f3769aed26ecec0cb0568a14b4eef9f0141013.apk","E:\train_2\1e718700f2dc1cdfa04def8fb0f3769aed26ecec0cb0568a14b4eef9f0141013.apk",".apk","6659316"
"1ed37924b918ee77116a9a5da06151e62a3d88c3ebe485beef0048f2c22e9a3a.apk","E:\train_2\1ed37924b918ee77116a9a5da06151e62a3d88c3ebe485beef0048f2c22e9a3a.apk",".apk","15393558"
"1ef1e3b93015976351104a4bd560528ed2d145b4f61900e79ce5e950d0ca9ffa.apk","E:\train_2\1ef1e3b93015976351104a4bd560528ed2d145b4f61900e79ce5e950d0ca9ffa.apk",".apk","18582195"
"1ef678a1a27e4acb0a790bd80a783186b6de2d3a98efcd9691cbed100e7cb9d4.apk","E:\train_2\1ef678a1a27e4acb0a790bd80a783186b6de2d3a98efcd9691cbed100e7cb9d4.apk",".apk","25023994"
"1f04585843bcd48155f8b33d584c58ba987852178441504cf5050ac4bf024ba6.apk","E:\train_2\1f04585843bcd48155f8b33d584c58ba987852178441504cf5050ac4bf024ba6.apk",".apk","2033943"
"1f5c10d9848bd4cff0910ddcd29776c8da0565097c9afad91638bb4b0bf02ba4.apk","E:\train_2\1f5c10d9848bd4cff0910ddcd29776c8da0565097c9afad91638bb4b0bf02ba4.apk",".apk","8644782"
"1f60efd875bd6308153f9fd4f28006ec6c041963940c73f233ab8f7aac0ad2e9.apk","E:\train_2\1f60efd875bd6308153f9fd4f28006ec6c041963940c73f233ab8f7aac0ad2e9.apk",".apk","38088285"
"1f638de156149efc22c016675e24b551312c4627aa115ea22e9f623a33b0449e.apk","E:\train_2\1f638de156149efc22c016675e24b551312c4627aa115ea22e9f623a33b0449e.apk",".apk","22725493"
"1f8b4a2614160b22e677bf4825d6538b3a705837d89c21cbef0b744e305c0a30.apk","E:\train_2\1f8b4a2614160b22e677bf4825d6538b3a705837d89c21cbef0b744e305c0a30.apk",".apk","13244497"
"1f95d92a9a9524b97de1e5017cfe30306c07a306d37f848b6a226a1bae3d4463.apk","E:\train_2\1f95d92a9a9524b97de1e5017cfe30306c07a306d37f848b6a226a1bae3d4463.apk",".apk","1963478"
"1fc6361084e5e33e8e38e34306e3bba5749bf6bb5620001709f741bc7bd2d426.apk","E:\train_2\1fc6361084e5e33e8e38e34306e3bba5749bf6bb5620001709f741bc7bd2d426.apk",".apk","11744874"
"1fced4e485b52f28b0dabe303428ebb9d31980b493e31ac89f769df3d7097733.apk","E:\train_2\1fced4e485b52f28b0dabe303428ebb9d31980b493e31ac89f769df3d7097733.apk",".apk","11386643"
"1fd479baa51e06877fbf411024f56120f43532778e71eb69cf0c5802dc7c0bc8.apk","E:\train_2\1fd479baa51e06877fbf411024f56120f43532778e71eb69cf0c5802dc7c0bc8.apk",".apk","5451901"
"1ff468547fb53311bb9acff92d1945bb696d44600e0370975f19da470ca270cd.apk","E:\train_2\1ff468547fb53311bb9acff92d1945bb696d44600e0370975f19da470ca270cd.apk",".apk","10922803"
"2a00a954eebf5b8029d6e59c5412525058eca6bbfcd2c6bcfdcf77f221e0c867.apk","E:\train_2\2a00a954eebf5b8029d6e59c5412525058eca6bbfcd2c6bcfdcf77f221e0c867.apk",".apk","4411583"
"2a407f0a4c102abb9f3712559139b22c8733cef241129482fad17451c717f034.apk","E:\train_2\2a407f0a4c102abb9f3712559139b22c8733cef241129482fad17451c717f034.apk",".apk","9143450"
"2a4bbb1839d430d91e5ff5f66e47b4bcf9e4d141c1e3e5951ea6b4fa1aa0e301.apk","E:\train_2\2a4bbb1839d430d91e5ff5f66e47b4bcf9e4d141c1e3e5951ea6b4fa1aa0e301.apk",".apk","7852177"
"2a4dfaf08e6284355907990b3a242fbd35b1ae1f19125a6441e944b3542b4c10.apk","E:\train_2\2a4dfaf08e6284355907990b3a242fbd35b1ae1f19125a6441e944b3542b4c10.apk",".apk","10090230"
"2a63dc0b76a0684491a0d776ab170e3b3c672d3173f72007f9adee51af888c19.apk","E:\train_2\2a63dc0b76a0684491a0d776ab170e3b3c672d3173f72007f9adee51af888c19.apk",".apk","6527296"
"2aa5a067bd8f26000b7a53b58427da8aade36c2e44300b15be6600dbdee83f9d.apk","E:\train_2\2aa5a067bd8f26000b7a53b58427da8aade36c2e44300b15be6600dbdee83f9d.apk",".apk","9365277"
"2af884e7a2e04d0d85ef0a157fb580393d5584c53787f07aa583b3b2480a910b.apk","E:\train_2\2af884e7a2e04d0d85ef0a157fb580393d5584c53787f07aa583b3b2480a910b.apk",".apk","3977567"
"2b3f7ea3a25a4b82b88eeab1a26bdcff6f8727297d5aac31654fd9603b53ac9c.apk","E:\train_2\2b3f7ea3a25a4b82b88eeab1a26bdcff6f8727297d5aac31654fd9603b53ac9c.apk",".apk","7603641"
"2b797673b7a979a4fc2ad39013ced2e34cad2c3a1d7bb1f02a73d5a50d561f27.apk","E:\train_2\2b797673b7a979a4fc2ad39013ced2e34cad2c3a1d7bb1f02a73d5a50d561f27.apk",".apk","12751268"
"2b91c94d200512277ef3ca0a164fdcdcbafdd34c3a974f0e120163d42fff2059.apk","E:\train_2\2b91c94d200512277ef3ca0a164fdcdcbafdd34c3a974f0e120163d42fff2059.apk",".apk","11658563"
"2b9b9023b8a86ed6f3c3bfef6982b711afd6617528d99874ab13b79dbd3171f5.apk","E:\train_2\2b9b9023b8a86ed6f3c3bfef6982b711afd6617528d99874ab13b79dbd3171f5.apk",".apk","11873206"
"2bd15664da642fae08c1af88c0c3289e88f6ec720d79add37dad6c398b5b0987.apk","E:\train_2\2bd15664da642fae08c1af88c0c3289e88f6ec720d79add37dad6c398b5b0987.apk",".apk","1811688"
"2c7270e898c5c0e61bf50d9335a547c1e2b408f6ed1c07bff9d669ed245841f6.apk","E:\train_2\2c7270e898c5c0e61bf50d9335a547c1e2b408f6ed1c07bff9d669ed245841f6.apk",".apk","776884"
"2c90c5426b5e63cfa68e5379d9a23488526ccae1291759d88c45ef4a8e15350b.apk","E:\train_2\2c90c5426b5e63cfa68e5379d9a23488526ccae1291759d88c45ef4a8e15350b.apk",".apk","28402027"
"2caaa22118b8da0ca5e734f367f569472bb862ad3f5570b9ead2fa4859514198.apk","E:\train_2\2caaa22118b8da0ca5e734f367f569472bb862ad3f5570b9ead2fa4859514198.apk",".apk","12499930"
"2cc3739abd17af22617683fc71aeefd3be5c9fb5cd24f435560131a97c18f46c.apk","E:\train_2\2cc3739abd17af22617683fc71aeefd3be5c9fb5cd24f435560131a97c18f46c.apk",".apk","3975871"
"2ce52544a15b9947f8985ea4bb478bf1cb46758f8d8de5a5c233ef1ae3fd2e29.apk","E:\train_2\2ce52544a15b9947f8985ea4bb478bf1cb46758f8d8de5a5c233ef1ae3fd2e29.apk",".apk","6494255"
"2cf5d4f21b24f001080ab6669b58abfe52fe63da5e28076a2da7b51136f184c4.apk","E:\train_2\2cf5d4f21b24f001080ab6669b58abfe52fe63da5e28076a2da7b51136f184c4.apk",".apk","4520752"
"2d19c3312279e6b8ee3e1baebddd231252cdb0c989f7db4fba84a9caefeadfc7.apk","E:\train_2\2d19c3312279e6b8ee3e1baebddd231252cdb0c989f7db4fba84a9caefeadfc7.apk",".apk","39926523"
"2d413ed17d947ca887ea03f105239b0686e01251221c69030c7da04bcc21fa94.apk","E:\train_2\2d413ed17d947ca887ea03f105239b0686e01251221c69030c7da04bcc21fa94.apk",".apk","53175232"
"2d57051747c117baed0ee8c7ae0d145cc258a088294b92c9e839c460f8c79f0b.apk","E:\train_2\2d57051747c117baed0ee8c7ae0d145cc258a088294b92c9e839c460f8c79f0b.apk",".apk","3682798"
"2d5efc718d1662ef78051aafc9a499c493c6a8bdd44b3bbb33d5d06fbd6781a6.apk","E:\train_2\2d5efc718d1662ef78051aafc9a499c493c6a8bdd44b3bbb33d5d06fbd6781a6.apk",".apk","1495856"
"2d9349900adf4b1916b5f31c2cb05fcd35b46a12ddd11e1de4d757d3139b62de.apk","E:\train_2\2d9349900adf4b1916b5f31c2cb05fcd35b46a12ddd11e1de4d757d3139b62de.apk",".apk","38901612"
"2da0d85634143b25ed8965496f4c54f0ad0399bf87a786498033e527e919af30.apk","E:\train_2\2da0d85634143b25ed8965496f4c54f0ad0399bf87a786498033e527e919af30.apk",".apk","2443115"
"2dc6d7eea1d56fff6d62e72cd31673bced163d7e2edf52a5cb78cf8e5d613f68.apk","E:\train_2\2dc6d7eea1d56fff6d62e72cd31673bced163d7e2edf52a5cb78cf8e5d613f68.apk",".apk","39714010"
"2e060160c71b5cdd1d348a6d77cfbffcedb92941c0c1b3b4103ea2db0d0b2c2d.apk","E:\train_2\2e060160c71b5cdd1d348a6d77cfbffcedb92941c0c1b3b4103ea2db0d0b2c2d.apk",".apk","56079931"
"2e0ae8cd76be12ff39c51dc618b261fc5acffcb35d1076114fb6e2eda4c39834.apk","E:\train_2\2e0ae8cd76be12ff39c51dc618b261fc5acffcb35d1076114fb6e2eda4c39834.apk",".apk","6122450"
"2e0c25c93e76e5932013455132038c89e2dc6be94110a3b9e76067f135d130d1.apk","E:\train_2\2e0c25c93e76e5932013455132038c89e2dc6be94110a3b9e76067f135d130d1.apk",".apk","1734573"
"2e53155781636994769d8325b61f882684d42dc53ccd99338236c9fcb0857cec.apk","E:\train_2\2e53155781636994769d8325b61f882684d42dc53ccd99338236c9fcb0857cec.apk",".apk","6631783"
"2e5fe843313157a4929773594ff7b37704af6a53cb39d8a7ebef38410841526c.apk","E:\train_2\2e5fe843313157a4929773594ff7b37704af6a53cb39d8a7ebef38410841526c.apk",".apk","40646759"
"2e78071ba742031cdebedca8cdc769493bbecd5b59e69289221571621900f83e.apk","E:\train_2\2e78071ba742031cdebedca8cdc769493bbecd5b59e69289221571621900f83e.apk",".apk","713391"
"2e7bc7a606fd0f91d1a620cf06c2ec233f72f3eab802766a1b0fba75154e6af2.apk","E:\train_2\2e7bc7a606fd0f91d1a620cf06c2ec233f72f3eab802766a1b0fba75154e6af2.apk",".apk","2963376"
"2ebf81dea7f3e91800f13bd76c1029bc422d16afe9e1636f92695d90e5fb44d4.apk","E:\train_2\2ebf81dea7f3e91800f13bd76c1029bc422d16afe9e1636f92695d90e5fb44d4.apk",".apk","4222671"
"2ed40711a505b9a8e54321ef6a9840fbf16ee7e2d7b628fa342d10ce555fa0a0.apk","E:\train_2\2ed40711a505b9a8e54321ef6a9840fbf16ee7e2d7b628fa342d10ce555fa0a0.apk",".apk","8915054"
"2f212c3efd616d6ac9b782896a44f76264feb4d8f95f8b0534b44d63fa01c0e8.apk","E:\train_2\2f212c3efd616d6ac9b782896a44f76264feb4d8f95f8b0534b44d63fa01c0e8.apk",".apk","11050827"
"2f2c35e0c9ce1474709bf15afee800538748e1cf30dd8929cee8dbc111513e1b.apk","E:\train_2\2f2c35e0c9ce1474709bf15afee800538748e1cf30dd8929cee8dbc111513e1b.apk",".apk","19640107"
"2f7fbf7db32c5f45412661a0f1041e836215e48c3f514dd9c86bba048a16ab7b.apk","E:\train_2\2f7fbf7db32c5f45412661a0f1041e836215e48c3f514dd9c86bba048a16ab7b.apk",".apk","3401425"
"2f86d6fb61b95718136117993d552982cd486949494636c3e058e861db1dd385.apk","E:\train_2\2f86d6fb61b95718136117993d552982cd486949494636c3e058e861db1dd385.apk",".apk","6791877"
"2fec1a2a6600db9cb608881ab3df2281e49111ca8e57f5e6bb5533a8778d0479.apk","E:\train_2\2fec1a2a6600db9cb608881ab3df2281e49111ca8e57f5e6bb5533a8778d0479.apk",".apk","54940043"
"2ff71ac3186df615e882848f3d85a22fdba73832ba33d6ac12dcafa414f7a002.apk","E:\train_2\2ff71ac3186df615e882848f3d85a22fdba73832ba33d6ac12dcafa414f7a002.apk",".apk","5032595"
"3a0c770e804b91055dcd750459f46ccf911ba288232ad84b7e02c0a4601e6b18.apk","E:\train_2\3a0c770e804b91055dcd750459f46ccf911ba288232ad84b7e02c0a4601e6b18.apk",".apk","344130"
"3a0ee3071e53aa1efee9d34103271ad805a213b49e359f822c535eb626f4d80b.apk","E:\train_2\3a0ee3071e53aa1efee9d34103271ad805a213b49e359f822c535eb626f4d80b.apk",".apk","2312406"
"3a2f026de4dbe6e126ade1ce9e68e6dcb31cb7bf33f3010a3a61be63c1d5a924.apk","E:\train_2\3a2f026de4dbe6e126ade1ce9e68e6dcb31cb7bf33f3010a3a61be63c1d5a924.apk",".apk","13741908"
"3a79fcc30435e1f6265e4c4b2d13e50aa27994b1752fabd42cbab4a15213ac4f.apk","E:\train_2\3a79fcc30435e1f6265e4c4b2d13e50aa27994b1752fabd42cbab4a15213ac4f.apk",".apk","4170831"
"3aa3ad40c9f0546014140c8bcc4221be3b84a9d90f0afce502c19a1623bb6118.apk","E:\train_2\3aa3ad40c9f0546014140c8bcc4221be3b84a9d90f0afce502c19a1623bb6118.apk",".apk","213587"
"3aa9720813ae61636d7151a3c9a573cc3610bf8e1f3834003ef2238759caa94e.apk","E:\train_2\3aa9720813ae61636d7151a3c9a573cc3610bf8e1f3834003ef2238759caa94e.apk",".apk","25980357"
"3ad671be4f9964a54cca72860710748959bd24affdbcf3ef6fea9520bf05d123.apk","E:\train_2\3ad671be4f9964a54cca72860710748959bd24affdbcf3ef6fea9520bf05d123.apk",".apk","10354753"
"3b6b1de32e622e39b0635dfa5284a72d53021a3f6e63fdc4cae85559ecbe5587.apk","E:\train_2\3b6b1de32e622e39b0635dfa5284a72d53021a3f6e63fdc4cae85559ecbe5587.apk",".apk","19355663"
"3ba753fafbac670162e74e57651223bb832a84353c7f85439939ae00ea7615b9.apk","E:\train_2\3ba753fafbac670162e74e57651223bb832a84353c7f85439939ae00ea7615b9.apk",".apk","8248042"
"3ba8dbc205b6da3fbd24a48d045e58c37f74e7caae9e304d730e651a049afda4.apk","E:\train_2\3ba8dbc205b6da3fbd24a48d045e58c37f74e7caae9e304d730e651a049afda4.apk",".apk","4275551"
"3bb44c1638085fc472bdc75bc7e4611ed600434228e31410cc7a40fc8ebaed87.apk","E:\train_2\3bb44c1638085fc472bdc75bc7e4611ed600434228e31410cc7a40fc8ebaed87.apk",".apk","30109197"
"3bc9a372b182b634988790b6a314d4bb60817488730afb51ca6b7808048e26b5.apk","E:\train_2\3bc9a372b182b634988790b6a314d4bb60817488730afb51ca6b7808048e26b5.apk",".apk","5640232"
"3bd7a743f820d172302a0523c0cbc080d7689c00848c57bdc906cd0fe1b60f72.apk","E:\train_2\3bd7a743f820d172302a0523c0cbc080d7689c00848c57bdc906cd0fe1b60f72.apk",".apk","29415116"
"3be49ad6ffe6e17e0261b64c264a675d97c785ebee574f6999c3225c21b6fd72.apk","E:\train_2\3be49ad6ffe6e17e0261b64c264a675d97c785ebee574f6999c3225c21b6fd72.apk",".apk","3760912"
"3c046bde8ff372883e468c6ab6b3882a3f01e84bd7653a8376162e0c1ac8f704.apk","E:\train_2\3c046bde8ff372883e468c6ab6b3882a3f01e84bd7653a8376162e0c1ac8f704.apk",".apk","325066"
"3c2f68c13187ecc7ffa9c06cc60cfedb31d001ab21bc64d9f731b93a0e36946d.apk","E:\train_2\3c2f68c13187ecc7ffa9c06cc60cfedb31d001ab21bc64d9f731b93a0e36946d.apk",".apk","3954939"
"3c688125cd0a434c3000e30e1a03e2c7482a96d6dd04df0ad8ea3a4a15a1ac41.apk","E:\train_2\3c688125cd0a434c3000e30e1a03e2c7482a96d6dd04df0ad8ea3a4a15a1ac41.apk",".apk","24966666"
"3c7dbb77eba611a73dc74810408d7975f15320afc93f44d67edde16399e99ca9.apk","E:\train_2\3c7dbb77eba611a73dc74810408d7975f15320afc93f44d67edde16399e99ca9.apk",".apk","16552634"
"3c99db086d8c7b164db9d8caf6b3fe226146a94474efb79eac18fadd123defdf.apk","E:\train_2\3c99db086d8c7b164db9d8caf6b3fe226146a94474efb79eac18fadd123defdf.apk",".apk","10288118"
"3d826885fa3680eda41cbab1bfbf569b1553c419a8d4fd2704298273f5b0e02b.apk","E:\train_2\3d826885fa3680eda41cbab1bfbf569b1553c419a8d4fd2704298273f5b0e02b.apk",".apk","1026968"
"3d8340e5ac08f36b53606b1f4494b30f92d383fdadfa01c9dab319000b027573.apk","E:\train_2\3d8340e5ac08f36b53606b1f4494b30f92d383fdadfa01c9dab319000b027573.apk",".apk","9385743"
"3d93c766c4535f52a7c937036f684bf72f3cb0ce0cc6b6be8e19d1c5bd667c41.apk","E:\train_2\3d93c766c4535f52a7c937036f684bf72f3cb0ce0cc6b6be8e19d1c5bd667c41.apk",".apk","1932276"
"3e001a560f6f987bec8eb9af3270f66dec98cea2cb57afbe33e4a7c88ba17702.apk","E:\train_2\3e001a560f6f987bec8eb9af3270f66dec98cea2cb57afbe33e4a7c88ba17702.apk",".apk","8457328"
"3e308efc8141814f3f51df09bac86b0a8918fd882bdc1da308ab514d973f8855.apk","E:\train_2\3e308efc8141814f3f51df09bac86b0a8918fd882bdc1da308ab514d973f8855.apk",".apk","447009"
"3e35cdff0901ee0bbf4ffcb8d2f64dacc58799861b031a94754a8054d08d9096.apk","E:\train_2\3e35cdff0901ee0bbf4ffcb8d2f64dacc58799861b031a94754a8054d08d9096.apk",".apk","12176351"
"3e6e8966208ed15a4bedcfbde48e27c0c5896e58871f2b293d8db228ae34560b.apk","E:\train_2\3e6e8966208ed15a4bedcfbde48e27c0c5896e58871f2b293d8db228ae34560b.apk",".apk","17663250"
"3eb5da1ae9bf098089081e203e8d065542e30a5fb3ba6bfc5a361d50b308d6b2.apk","E:\train_2\3eb5da1ae9bf098089081e203e8d065542e30a5fb3ba6bfc5a361d50b308d6b2.apk",".apk","17778157"
"3f0e3a147feee7dbcc8cd384ffe023c19df6f0793a285d96a0400e01c295eea3.apk","E:\train_2\3f0e3a147feee7dbcc8cd384ffe023c19df6f0793a285d96a0400e01c295eea3.apk",".apk","17511900"
"3f2b74ab2958b4f89a33f217543a892c74d8bfc29de6fe5345526f63be9e3c55.apk","E:\train_2\3f2b74ab2958b4f89a33f217543a892c74d8bfc29de6fe5345526f63be9e3c55.apk",".apk","29388189"
"3f2d9ade19407ad468f258df38abc932414f57ea8de3a908d0508df8270e167b.apk","E:\train_2\3f2d9ade19407ad468f258df38abc932414f57ea8de3a908d0508df8270e167b.apk",".apk","18331162"
"3f330d0018ea88c5838c464fa7ae910a9a2895ab738a729f91fb369dafa9fb62.apk","E:\train_2\3f330d0018ea88c5838c464fa7ae910a9a2895ab738a729f91fb369dafa9fb62.apk",".apk","4325927"
"3f379deee612e5eb8a79dd56f9a61d73361346128afb3d84285b4ea262061c95.apk","E:\train_2\3f379deee612e5eb8a79dd56f9a61d73361346128afb3d84285b4ea262061c95.apk",".apk","12661873"
"3fd94aed2d93242bf21382b7fc76b658286e4f5e2fee85c8c6d9b5e3975b15cf.apk","E:\train_2\3fd94aed2d93242bf21382b7fc76b658286e4f5e2fee85c8c6d9b5e3975b15cf.apk",".apk","19487845"
"3fe715a064bef6f19e3f0537b217ec8a89e200b8688dce6f53d278f21276c04e.apk","E:\train_2\3fe715a064bef6f19e3f0537b217ec8a89e200b8688dce6f53d278f21276c04e.apk",".apk","9045827"
"3ff7954613ea98d0d79aa259555dbcda5871c0bfaa483d2475cae1388dddaeb5.apk","E:\train_2\3ff7954613ea98d0d79aa259555dbcda5871c0bfaa483d2475cae1388dddaeb5.apk",".apk","29116244"
"4a313f2d14c65375569a37f2c76fcfc5f88fff37f01f5f211edc4068f19609eb.apk","E:\train_2\4a313f2d14c65375569a37f2c76fcfc5f88fff37f01f5f211edc4068f19609eb.apk",".apk","11633721"
"4a3309650901cedade81a28f89ba564ada6d27f92b6186ed555a979f34a54f8c.apk","E:\train_2\4a3309650901cedade81a28f89ba564ada6d27f92b6186ed555a979f34a54f8c.apk",".apk","3944042"
"4a5425d4ff69a72c22081e0132ba17f87e1f59d10a16060b20b0a4b8fb04cb45.apk","E:\train_2\4a5425d4ff69a72c22081e0132ba17f87e1f59d10a16060b20b0a4b8fb04cb45.apk",".apk","15976871"
"4a7df897b83c9a61def7efe12ac5e6c7769aa72a4a85cae951aaef869866022f.apk","E:\train_2\4a7df897b83c9a61def7efe12ac5e6c7769aa72a4a85cae951aaef869866022f.apk",".apk","18285021"
"4aa0eb5abf202398248b45e3260cda1d9760b13fc9b0fa71600ab8fb06b33e1a.apk","E:\train_2\4aa0eb5abf202398248b45e3260cda1d9760b13fc9b0fa71600ab8fb06b33e1a.apk",".apk","7852795"
"4aa7f3bb763c4b8628b7c27593f80455f6f0e063a1b29b69a4a985242095b0cb.apk","E:\train_2\4aa7f3bb763c4b8628b7c27593f80455f6f0e063a1b29b69a4a985242095b0cb.apk",".apk","24282564"
"4ac6afe7ff0c3760d691311ef1e56f0ba41a72d81ecba18bfdcd06b44eda95c3.apk","E:\train_2\4ac6afe7ff0c3760d691311ef1e56f0ba41a72d81ecba18bfdcd06b44eda95c3.apk",".apk","1822451"
"4ae125c5756f4a84cfb1cfb1dfaccf5ad1d085a3f09d530b06886008754bda8c.apk","E:\train_2\4ae125c5756f4a84cfb1cfb1dfaccf5ad1d085a3f09d530b06886008754bda8c.apk",".apk","1428676"
"4aee5fb3e11eea8908571be244efa35a5cd477487854716474a32a8cd4bf262e.apk","E:\train_2\4aee5fb3e11eea8908571be244efa35a5cd477487854716474a32a8cd4bf262e.apk",".apk","6058900"
"4afd9a24a34561b17472d3cc17024693e14d8a475f28500cbb5f706fe470dac7.apk","E:\train_2\4afd9a24a34561b17472d3cc17024693e14d8a475f28500cbb5f706fe470dac7.apk",".apk","10155877"
"4b0d509b98d94b3b2bc20f9f707db231b94db74ae6c29514e0283477caa50cf1.apk","E:\train_2\4b0d509b98d94b3b2bc20f9f707db231b94db74ae6c29514e0283477caa50cf1.apk",".apk","29814023"
"4b2a28bed15b77eb495f63841eaf2b18cd01a092ff840ef550a3d7b560e49b94.apk","E:\train_2\4b2a28bed15b77eb495f63841eaf2b18cd01a092ff840ef550a3d7b560e49b94.apk",".apk","6860211"
"4b2c601e861c749c82bfecc939f78bc8f7a43ea94872e516292502fa5b2c53a1.apk","E:\train_2\4b2c601e861c749c82bfecc939f78bc8f7a43ea94872e516292502fa5b2c53a1.apk",".apk","32579308"
"4b40817e05cb53c8a11fa3b0a49361a41fdef7f849c6adf413badec9a65e9c5f.apk","E:\train_2\4b40817e05cb53c8a11fa3b0a49361a41fdef7f849c6adf413badec9a65e9c5f.apk",".apk","13303447"
"4b56d6fb1af514aafbc6b3eb7f2718d3f093ebabca0520d7fef823b0a842dbea.apk","E:\train_2\4b56d6fb1af514aafbc6b3eb7f2718d3f093ebabca0520d7fef823b0a842dbea.apk",".apk","3742649"
"4b602217eee183b29ddf4198422013e30c5f30ff267e5517cc16b1da2da1fba6.apk","E:\train_2\4b602217eee183b29ddf4198422013e30c5f30ff267e5517cc16b1da2da1fba6.apk",".apk","2463320"
"4b84d4511683f3976e20372ded8e64b78b324773b908cde7db3db2eb126c822d.apk","E:\train_2\4b84d4511683f3976e20372ded8e64b78b324773b908cde7db3db2eb126c822d.apk",".apk","14078266"
"4bb4e4fd63a9eca0636736240830b2e0627d925ce4175a70448a0824b550caf0.apk","E:\train_2\4bb4e4fd63a9eca0636736240830b2e0627d925ce4175a70448a0824b550caf0.apk",".apk","3941326"
"4bc9aafbf6052eb1b7b13779ac4170a65e3feeb8486659416c1506674177612e.apk","E:\train_2\4bc9aafbf6052eb1b7b13779ac4170a65e3feeb8486659416c1506674177612e.apk",".apk","4782541"
"4bf92b54f1c07162d87134fbde33cb51668b60edda16056b7d50476b040c56da.apk","E:\train_2\4bf92b54f1c07162d87134fbde33cb51668b60edda16056b7d50476b040c56da.apk",".apk","8040397"
"4c1f30b01b11bac917b4d3134309ba24acf0f175b55f1487aacec451f31ff1df.apk","E:\train_2\4c1f30b01b11bac917b4d3134309ba24acf0f175b55f1487aacec451f31ff1df.apk",".apk","30154700"
"4c3074a1e71db2c1258a94d57a35fc90920e3297efa9999ed8eb2c696accc68f.apk","E:\train_2\4c3074a1e71db2c1258a94d57a35fc90920e3297efa9999ed8eb2c696accc68f.apk",".apk","21216373"
"4c57d24a2f7d2c4ec5e17f2eb3c8dbd1f3c040c6f458769f10321246c65c41bd.apk","E:\train_2\4c57d24a2f7d2c4ec5e17f2eb3c8dbd1f3c040c6f458769f10321246c65c41bd.apk",".apk","66295550"
"4c67984d4f603f60186107c2c114bc2016fa9e38ec5932707933fc66a5f891ef.apk","E:\train_2\4c67984d4f603f60186107c2c114bc2016fa9e38ec5932707933fc66a5f891ef.apk",".apk","16871493"
"4cc3ca1ed9f0e8e9907df73e9fdfce1fc1e1bfa5213a230b6de3351726401c19.apk","E:\train_2\4cc3ca1ed9f0e8e9907df73e9fdfce1fc1e1bfa5213a230b6de3351726401c19.apk",".apk","7107685"
"4ce4f1f4ce96775cc786320132c5fdec0d8ad852e3a6c37dcf7b3edc2cac6778.apk","E:\train_2\4ce4f1f4ce96775cc786320132c5fdec0d8ad852e3a6c37dcf7b3edc2cac6778.apk",".apk","26816091"
"4cf55fd48841cb8cf55ee159c6f19b8a398998a1e7e6480f1fee2142221e7790.apk","E:\train_2\4cf55fd48841cb8cf55ee159c6f19b8a398998a1e7e6480f1fee2142221e7790.apk",".apk","6946130"
"4cfa427f9b076382ec993a9cd44ec96a8e921cd64cc7e753c52137727ac5a356.apk","E:\train_2\4cfa427f9b076382ec993a9cd44ec96a8e921cd64cc7e753c52137727ac5a356.apk",".apk","5769491"
"4d4c2c75f3a4b599e8391ddbf1324a3fb7977dd1d9f81d89b891d704f03c589b.apk","E:\train_2\4d4c2c75f3a4b599e8391ddbf1324a3fb7977dd1d9f81d89b891d704f03c589b.apk",".apk","18160122"
"4d51ed6f51c4ebb5d4673783c092f9c023e6a3ae0357ef10ae9dd2bca7096bf0.apk","E:\train_2\4d51ed6f51c4ebb5d4673783c092f9c023e6a3ae0357ef10ae9dd2bca7096bf0.apk",".apk","6870742"
"4d9b075d7646a71faf930ac020cd7afe00de7f07d02080f17f17e324e5a0d159.apk","E:\train_2\4d9b075d7646a71faf930ac020cd7afe00de7f07d02080f17f17e324e5a0d159.apk",".apk","58634860"
"4da832c9d19eda16c130cbba2bb636a6e2104c3e2e403372fc9d2379b571ba64.apk","E:\train_2\4da832c9d19eda16c130cbba2bb636a6e2104c3e2e403372fc9d2379b571ba64.apk",".apk","11916702"
"4dc0d1f8b18b93de8d67b566e17386596a4a15205857a10fd2c8e5c8ff07d4a4.apk","E:\train_2\4dc0d1f8b18b93de8d67b566e17386596a4a15205857a10fd2c8e5c8ff07d4a4.apk",".apk","58466235"
"4dcddbba609dff14ae0e8f17e65a18abc081443546422cd56e9b4bfb2a8da7ed.apk","E:\train_2\4dcddbba609dff14ae0e8f17e65a18abc081443546422cd56e9b4bfb2a8da7ed.apk",".apk","53038705"
"4e02160ad77276e17ba223a009cb0a54272157c703f7f277791166c75379c286.apk","E:\train_2\4e02160ad77276e17ba223a009cb0a54272157c703f7f277791166c75379c286.apk",".apk","6421388"
"4e0c7cac5ca75d6dcd2132a789f1d8861be0f597b20128034917047f6bb5be91.apk","E:\train_2\4e0c7cac5ca75d6dcd2132a789f1d8861be0f597b20128034917047f6bb5be91.apk",".apk","10357029"
"4e3fb97bd99add26242f30eb90f439a5e1502548a1a68ba471d67a17d5078737.apk","E:\train_2\4e3fb97bd99add26242f30eb90f439a5e1502548a1a68ba471d67a17d5078737.apk",".apk","3809378"
"4e64d75424782a365df2be04484ffc3b202987a4e0478bd7b31ea957db90ee6c.apk","E:\train_2\4e64d75424782a365df2be04484ffc3b202987a4e0478bd7b31ea957db90ee6c.apk",".apk","19351983"
"4e78a48ac9a667bba4856ea3a73a9a67c95a1a1f4fdea96f0861e5a42366f82c.apk","E:\train_2\4e78a48ac9a667bba4856ea3a73a9a67c95a1a1f4fdea96f0861e5a42366f82c.apk",".apk","12885739"
"4e899b2813abb81c0f06f6a3dfab98cbb910755586370ddbc0c6fd72ab1a4880.apk","E:\train_2\4e899b2813abb81c0f06f6a3dfab98cbb910755586370ddbc0c6fd72ab1a4880.apk",".apk","1446065"
"4eac1958b2ee243a510e92c7174ff8685799367545bb33bd265fa2cd90c1ab8a.apk","E:\train_2\4eac1958b2ee243a510e92c7174ff8685799367545bb33bd265fa2cd90c1ab8a.apk",".apk","4323730"
"4eae70906bbdd351ea6cb2f2be2dde59d8205605ee2b9f8012bb53ae18d48157.apk","E:\train_2\4eae70906bbdd351ea6cb2f2be2dde59d8205605ee2b9f8012bb53ae18d48157.apk",".apk","32019625"
"4ef51b91eb1dc2295a079aad2668343b85f63bc5b4d14aed797baeb0b2f108b3.apk","E:\train_2\4ef51b91eb1dc2295a079aad2668343b85f63bc5b4d14aed797baeb0b2f108b3.apk",".apk","15041621"
"4f4f19e491f1467163a00231047e3b6545175a1f9bf6c1b0f32480c4c69dcbce.apk","E:\train_2\4f4f19e491f1467163a00231047e3b6545175a1f9bf6c1b0f32480c4c69dcbce.apk",".apk","13717302"
"4f78d3a8a04f9875b175888ac25394a00c1804d396c787752e96e2fc784a893b.apk","E:\train_2\4f78d3a8a04f9875b175888ac25394a00c1804d396c787752e96e2fc784a893b.apk",".apk","6562878"
"4f9582497a956666b49382804a6fec54f3b3eb89027c7b2b36fd5b483e147018-9c6359622efa.apk.qkdownloading","E:\train_2\4f9582497a956666b49382804a6fec54f3b3eb89027c7b2b36fd5b483e147018-9c6359622efa.apk.qkdownloading",".qkdownloading","46284122"
"4fa0d6d6f77ce2c05a1e8a92432bfb37ccd059984b17b219c3bb60ae4b20e8d8-2f0207b8177d.apk.qkdownloading","E:\train_2\4fa0d6d6f77ce2c05a1e8a92432bfb37ccd059984b17b219c3bb60ae4b20e8d8-2f0207b8177d.apk.qkdownloading",".qkdownloading","30227098"
"4fe1e03ebd206ec53a44c3191009d62af5f62c28dfef95bc49295774ab988257-0a944803c149.apk.qkdownloading","E:\train_2\4fe1e03ebd206ec53a44c3191009d62af5f62c28dfef95bc49295774ab988257-0a944803c149.apk.qkdownloading",".qkdownloading","13093207"
"4fe7cee4e3315944f7925337b397101067e49f314d0081a5281d9a9e311f0c04-e8f8b8a9375c.apk.qkdownloading","E:\train_2\4fe7cee4e3315944f7925337b397101067e49f314d0081a5281d9a9e311f0c04-e8f8b8a9375c.apk.qkdownloading",".qkdownloading","9955570"
"4ff5527942c5cd44aaeb115b06f1ab4d6cff73af8ef66af39480dbdc0bbd6d38-08acf74f8587.apk.qkdownloading","E:\train_2\4ff5527942c5cd44aaeb115b06f1ab4d6cff73af8ef66af39480dbdc0bbd6d38-08acf74f8587.apk.qkdownloading",".qkdownloading","16858459"
"4ffa7de146653a270d856cb604718c20fad6bc741dd9418a1b8130af7ce66118-68e9edaa50db.apk.qkdownloading","E:\train_2\4ffa7de146653a270d856cb604718c20fad6bc741dd9418a1b8130af7ce66118-68e9edaa50db.apk.qkdownloading",".qkdownloading","12729669"
"5a6ccf4889e7c47327f1505984681b3df81bc84a1dce18c2062e2998ff0da625-308527870755.apk.qkdownloading","E:\train_2\5a6ccf4889e7c47327f1505984681b3df81bc84a1dce18c2062e2998ff0da625-308527870755.apk.qkdownloading",".qkdownloading","12696894"
"5a812eb39495093bd0f1c3939d6596c44b3c8a5bf3a9b9adba15ad15b804af80.apk","E:\train_2\5a812eb39495093bd0f1c3939d6596c44b3c8a5bf3a9b9adba15ad15b804af80.apk",".apk","5656219"
"5a97a34a89a6b1da689e9fd184b028572f2eff702d3eb4987074cd9786294b53.apk","E:\train_2\5a97a34a89a6b1da689e9fd184b028572f2eff702d3eb4987074cd9786294b53.apk",".apk","7833408"
"5af45e1dd8c79a12fe61cddf8265aa647841259c424e9c6f02bd349eee093717.apk","E:\train_2\5af45e1dd8c79a12fe61cddf8265aa647841259c424e9c6f02bd349eee093717.apk",".apk","310109"
"5b094a7770e2a18fdae36668919c335e8b941f891e5757c11dd8841e398c31f7.apk","E:\train_2\5b094a7770e2a18fdae36668919c335e8b941f891e5757c11dd8841e398c31f7.apk",".apk","3715100"
"5b49d41a4b2adb1220eea5ccac731c498f952f8d7c3d8a0afb13651d71e4a42d.apk","E:\train_2\5b49d41a4b2adb1220eea5ccac731c498f952f8d7c3d8a0afb13651d71e4a42d.apk",".apk","5636442"
"5b52917611ab6f2433284285f031eb5f0c4ef5404f0deab15d3d9bcd3eb661f1.apk","E:\train_2\5b52917611ab6f2433284285f031eb5f0c4ef5404f0deab15d3d9bcd3eb661f1.apk",".apk","1049335"
"5b8674f90145a1a852c342799b8965a5ffa615b8919a03ad77749cc31ad3bbaa.apk","E:\train_2\5b8674f90145a1a852c342799b8965a5ffa615b8919a03ad77749cc31ad3bbaa.apk",".apk","8293073"
"5bb99cc1f252bebb4c6fdbcced4554ee773c6cee6f2ba328528324eecbb545f6.apk","E:\train_2\5bb99cc1f252bebb4c6fdbcced4554ee773c6cee6f2ba328528324eecbb545f6.apk",".apk","5090445"
"5bcbe434a209a332c0da036ea26c77be161457228b9b403cbf1f2d471f13b477.apk","E:\train_2\5bcbe434a209a332c0da036ea26c77be161457228b9b403cbf1f2d471f13b477.apk",".apk","2605565"
"5bcc1b3b157b932557c0c006d572dcd399c67ab4888102f7dc1d21e4bffc5659.apk","E:\train_2\5bcc1b3b157b932557c0c006d572dcd399c67ab4888102f7dc1d21e4bffc5659.apk",".apk","7596134"
"5c528a628ced65cae876e6eee27bc075fb08db9ac326e6c6b46e830cb6e8fc45.apk","E:\train_2\5c528a628ced65cae876e6eee27bc075fb08db9ac326e6c6b46e830cb6e8fc45.apk",".apk","6574102"
"5c837687660828b267b0b4f078068483d23fb952fc88faae895e227673fde6c8.apk","E:\train_2\5c837687660828b267b0b4f078068483d23fb952fc88faae895e227673fde6c8.apk",".apk","3452096"
"5d319e6faba64d00c102508075e97fc89bc3d56bedd7e90685000a27275156dd.apk","E:\train_2\5d319e6faba64d00c102508075e97fc89bc3d56bedd7e90685000a27275156dd.apk",".apk","3066752"
"5d5bce13cd99ab11b43be9708f66100472c7ae31a966eb39d9769eca4e13432b.apk","E:\train_2\5d5bce13cd99ab11b43be9708f66100472c7ae31a966eb39d9769eca4e13432b.apk",".apk","4833271"
"5d5dcea4cc9cfc622b735940995214c329230a9d40031c285b30da1dc3464ef2.apk","E:\train_2\5d5dcea4cc9cfc622b735940995214c329230a9d40031c285b30da1dc3464ef2.apk",".apk","2228616"
"5db42ea50e7024426f6bc05d1250b9a88e12fb235a0cc44c26a113e07b286305.apk","E:\train_2\5db42ea50e7024426f6bc05d1250b9a88e12fb235a0cc44c26a113e07b286305.apk",".apk","3125315"
"5dc4bcfb5ffe4709550b7097f2a2ceb2ad07d85d5c62f4d5a016beecafd187bb.apk","E:\train_2\5dc4bcfb5ffe4709550b7097f2a2ceb2ad07d85d5c62f4d5a016beecafd187bb.apk",".apk","1426143"
"5ddaaeab9668dbae5483e893c7f143054af4d26c99cc54de523e15e5249e8bb0.apk","E:\train_2\5ddaaeab9668dbae5483e893c7f143054af4d26c99cc54de523e15e5249e8bb0.apk",".apk","80634"
"5e014c464f0c01079b2db47b6b73e374efd4b48da5e6ccac467ba0bd505abdcd.apk","E:\train_2\5e014c464f0c01079b2db47b6b73e374efd4b48da5e6ccac467ba0bd505abdcd.apk",".apk","619259"
"5e167dce21901f4fa62263cab50e15c2d0f4969ddccbc31e5209725a9af88e12.apk","E:\train_2\5e167dce21901f4fa62263cab50e15c2d0f4969ddccbc31e5209725a9af88e12.apk",".apk","860152"
"5e7f065e270f469a3429464d3093702440c9aea57b2e4713f5ab60d566a892e6.apk","E:\train_2\5e7f065e270f469a3429464d3093702440c9aea57b2e4713f5ab60d566a892e6.apk",".apk","603225"
"5e8f8930e4a0baa7cc1295b3e9892367567de732f747ad6ad1a3dc1a6c682829.apk","E:\train_2\5e8f8930e4a0baa7cc1295b3e9892367567de732f747ad6ad1a3dc1a6c682829.apk",".apk","2819842"
"5ee233bb330eeb956b2263b329c1c0a95319f053cc4b95bba199765d89e0a026.apk","E:\train_2\5ee233bb330eeb956b2263b329c1c0a95319f053cc4b95bba199765d89e0a026.apk",".apk","7568091"
"5f01f7351353cc5825cfc1bc3ba687a350794af69baf8050cffb11e447993295.apk","E:\train_2\5f01f7351353cc5825cfc1bc3ba687a350794af69baf8050cffb11e447993295.apk",".apk","2638343"
"5f319c8c65152c65a15d37c9a5653fc15dd41d783964f5ff6d29626840146428.apk","E:\train_2\5f319c8c65152c65a15d37c9a5653fc15dd41d783964f5ff6d29626840146428.apk",".apk","7934094"
"5f374953af3444e0696af7251bc24cf77ab432d771b3ba7b69eb48d834765c4d-a8fe5b3c6c50.apk.qkdownloading","E:\train_2\5f374953af3444e0696af7251bc24cf77ab432d771b3ba7b69eb48d834765c4d-a8fe5b3c6c50.apk.qkdownloading",".qkdownloading","457356"
"5f3ae6958854b1833d825d0d58a805baa615e60b1a70835d202e42d0d3ae2c94.apk","E:\train_2\5f3ae6958854b1833d825d0d58a805baa615e60b1a70835d202e42d0d3ae2c94.apk",".apk","1190979"
"5fb99a1b84cda2262025dc0e4e9982dd4106d6c9201825e717ad585b7fb5b0a4.apk","E:\train_2\5fb99a1b84cda2262025dc0e4e9982dd4106d6c9201825e717ad585b7fb5b0a4.apk",".apk","2233089"
"5fc026a2ec4038fac05b7ff2dc3b78ce4ee1b80d948bcc69e4f2cdacc2cac357.apk","E:\train_2\5fc026a2ec4038fac05b7ff2dc3b78ce4ee1b80d948bcc69e4f2cdacc2cac357.apk",".apk","2190358"
"5fda9a61a5679418546466e3bc4d817cc995a7e7724e96285edea951f4a4c4ce-3f63c2914f0c.apk.qkdownloading","E:\train_2\5fda9a61a5679418546466e3bc4d817cc995a7e7724e96285edea951f4a4c4ce-3f63c2914f0c.apk.qkdownloading",".qkdownloading","1031490"
"6a10b886095f21836f98ab505106b3390a0cac4176199fcc2aa209635ff6904d-f50497bf55a8.apk.qkdownloading","E:\train_2\6a10b886095f21836f98ab505106b3390a0cac4176199fcc2aa209635ff6904d-f50497bf55a8.apk.qkdownloading",".qkdownloading","228674"
"6a3a87a24146a4f5c183d9302bcc37d9d3d804e31010b21f0fee46b67922ec78-9aa4849ea871.apk.qkdownloading","E:\train_2\6a3a87a24146a4f5c183d9302bcc37d9d3d804e31010b21f0fee46b67922ec78-9aa4849ea871.apk.qkdownloading",".qkdownloading","97601"
"6a90095d68aeefc12cdbd11ce58ae5144e2fa7023f0f820e58ca356129941048-98d4602cee37.apk.qkdownloading","E:\train_2\6a90095d68aeefc12cdbd11ce58ae5144e2fa7023f0f820e58ca356129941048-98d4602cee37.apk.qkdownloading",".qkdownloading","0"
