"id","source_path","destination_path"
"004be79af1ee5de52a093c1f2ad600ea2e46beb2ffea3fc46cb15e9b9204e8f5","E:\train_2\004be79af1ee5de52a093c1f2ad600ea2e46beb2ffea3fc46cb15e9b9204e8f5.apk","E:\train_already\004be79af1ee5de52a093c1f2ad600ea2e46beb2ffea3fc46cb15e9b9204e8f5.apk"
"00b6bb3fdfca6a475ed57ee215f8ae20ceef2b3d12a941b2901d41f512bc8e18","E:\train_2\00b6bb3fdfca6a475ed57ee215f8ae20ceef2b3d12a941b2901d41f512bc8e18.apk","E:\train_already\00b6bb3fdfca6a475ed57ee215f8ae20ceef2b3d12a941b2901d41f512bc8e18.apk"
"00fe242ad3a6bc97a60d1110d56c0bd57a8156db22fc9d838da80b592cf7ec06","E:\train_2\00fe242ad3a6bc97a60d1110d56c0bd57a8156db22fc9d838da80b592cf7ec06.apk","E:\train_already\00fe242ad3a6bc97a60d1110d56c0bd57a8156db22fc9d838da80b592cf7ec06.apk"
"01aa762af08277d55ef5998c10cd1994b43f7ffc72f1ba6f55f9f37ea452db10","E:\train_2\01aa762af08277d55ef5998c10cd1994b43f7ffc72f1ba6f55f9f37ea452db10.apk","E:\train_already\01aa762af08277d55ef5998c10cd1994b43f7ffc72f1ba6f55f9f37ea452db10.apk"
"01cb0df5043ff7be6d06dd1d0cd3790b0844b4fb1e8db1295071d18f8256c053","E:\train_2\01cb0df5043ff7be6d06dd1d0cd3790b0844b4fb1e8db1295071d18f8256c053.apk","E:\train_already\01cb0df5043ff7be6d06dd1d0cd3790b0844b4fb1e8db1295071d18f8256c053.apk"
"01d67ad531c6929df194027c01d078dac8adba0d9a785323de593f97a59a2a44","E:\train_2\01d67ad531c6929df194027c01d078dac8adba0d9a785323de593f97a59a2a44.apk","E:\train_already\01d67ad531c6929df194027c01d078dac8adba0d9a785323de593f97a59a2a44.apk"
"03deeb732e0b793e2778d10dae62d3fefe1d3a929674f472a1c1c18ae5ba97c0","E:\train_2\03deeb732e0b793e2778d10dae62d3fefe1d3a929674f472a1c1c18ae5ba97c0.apk","E:\train_already\03deeb732e0b793e2778d10dae62d3fefe1d3a929674f472a1c1c18ae5ba97c0.apk"
"03f7f4e93d9d5af4ad14db0c44b656c0ad1566613d09c279ffb52abc3c154aac","E:\train_2\03f7f4e93d9d5af4ad14db0c44b656c0ad1566613d09c279ffb52abc3c154aac.apk","E:\train_already\03f7f4e93d9d5af4ad14db0c44b656c0ad1566613d09c279ffb52abc3c154aac.apk"
"03fb6ab79e9a1baf5141965940f92c79b882b4dd7d3fae3edd6999b772d32dc8","E:\train_2\03fb6ab79e9a1baf5141965940f92c79b882b4dd7d3fae3edd6999b772d32dc8.apk","E:\train_already\03fb6ab79e9a1baf5141965940f92c79b882b4dd7d3fae3edd6999b772d32dc8.apk"
"04ca0009946d28128ba28b64716849aed028285c3bef5fc4cfedc4082667cd87","E:\train_2\04ca0009946d28128ba28b64716849aed028285c3bef5fc4cfedc4082667cd87.apk","E:\train_already\04ca0009946d28128ba28b64716849aed028285c3bef5fc4cfedc4082667cd87.apk"
"05b16953508f8eecfd5547983aa392b1e45b4d878a16fb3b2b06535a91261c0d","E:\train_2\05b16953508f8eecfd5547983aa392b1e45b4d878a16fb3b2b06535a91261c0d.apk","E:\train_already\05b16953508f8eecfd5547983aa392b1e45b4d878a16fb3b2b06535a91261c0d.apk"
"0a2b205fee06065357c174bc423b26af10ad020da617b8de7115640519f029b5","E:\train_2\0a2b205fee06065357c174bc423b26af10ad020da617b8de7115640519f029b5.apk","E:\train_already\0a2b205fee06065357c174bc423b26af10ad020da617b8de7115640519f029b5.apk"
"0a5edd105ba839182b638755dcb93c718fd79681975c807c6fa8bf52b4c327bb","E:\train_2\0a5edd105ba839182b638755dcb93c718fd79681975c807c6fa8bf52b4c327bb.apk","E:\train_already\0a5edd105ba839182b638755dcb93c718fd79681975c807c6fa8bf52b4c327bb.apk"
"0b182b26a68f5d297194cfa73ceadbcea026126fbd1ada2c86e5aa6173be9b5e","E:\train_2\0b182b26a68f5d297194cfa73ceadbcea026126fbd1ada2c86e5aa6173be9b5e.apk","E:\train_already\0b182b26a68f5d297194cfa73ceadbcea026126fbd1ada2c86e5aa6173be9b5e.apk"
"0b24921c9648d712d4b53d4f575db7ab448c92a40ae2cc23e31176893890bbbf","E:\train_2\0b24921c9648d712d4b53d4f575db7ab448c92a40ae2cc23e31176893890bbbf.apk","E:\train_already\0b24921c9648d712d4b53d4f575db7ab448c92a40ae2cc23e31176893890bbbf.apk"
"0b326c903381da8d38ab3f37852dbbeb7afbb706bc9ba71c6c06b480f94b6fd4","E:\train_2\0b326c903381da8d38ab3f37852dbbeb7afbb706bc9ba71c6c06b480f94b6fd4.apk","E:\train_already\0b326c903381da8d38ab3f37852dbbeb7afbb706bc9ba71c6c06b480f94b6fd4.apk"
"0b446c5d029efd3179cfa434fa403b08e83726ff1c2ff1c947eb35585b0eac7c","E:\train_2\0b446c5d029efd3179cfa434fa403b08e83726ff1c2ff1c947eb35585b0eac7c.apk","E:\train_already\0b446c5d029efd3179cfa434fa403b08e83726ff1c2ff1c947eb35585b0eac7c.apk"
"0b53514dc70f73de81a474ead6f0dcf61a2e0bac02c48b170ef8835092a1b8ad","E:\train_2\0b53514dc70f73de81a474ead6f0dcf61a2e0bac02c48b170ef8835092a1b8ad.apk","E:\train_already\0b53514dc70f73de81a474ead6f0dcf61a2e0bac02c48b170ef8835092a1b8ad.apk"
"0be23c29381f1c646557dac6b8b8af487d86f78d267c7bc61faa9107efd619ff","E:\train_2\0be23c29381f1c646557dac6b8b8af487d86f78d267c7bc61faa9107efd619ff.apk","E:\train_already\0be23c29381f1c646557dac6b8b8af487d86f78d267c7bc61faa9107efd619ff.apk"
"0bf1c04a2ff44c091a3e7995883fe61d6c4d00e3bd6cf44987d6d9ed49ad62a5","E:\train_2\0bf1c04a2ff44c091a3e7995883fe61d6c4d00e3bd6cf44987d6d9ed49ad62a5.apk","E:\train_already\0bf1c04a2ff44c091a3e7995883fe61d6c4d00e3bd6cf44987d6d9ed49ad62a5.apk"
"0bf7ceed70d017428d3b45e9ea15b8df2220ac31efb3cc901c7e976771856753","E:\train_2\0bf7ceed70d017428d3b45e9ea15b8df2220ac31efb3cc901c7e976771856753.apk","E:\train_already\0bf7ceed70d017428d3b45e9ea15b8df2220ac31efb3cc901c7e976771856753.apk"
"0c58f8d9266e8c3a55b1028a7acac8534ce2d256df90509abfa8a04c0d29067e","E:\train_2\0c58f8d9266e8c3a55b1028a7acac8534ce2d256df90509abfa8a04c0d29067e.apk","E:\train_already\0c58f8d9266e8c3a55b1028a7acac8534ce2d256df90509abfa8a04c0d29067e.apk"
"0c891ad27d7c73881a3ecfa33372334b24f5d0881c0ac883a8401cd4a54c6730","E:\train_2\0c891ad27d7c73881a3ecfa33372334b24f5d0881c0ac883a8401cd4a54c6730.apk","E:\train_already\0c891ad27d7c73881a3ecfa33372334b24f5d0881c0ac883a8401cd4a54c6730.apk"
"0caffbdb306f8b5fd5947e895c37a61b2e1a62f84aee3824bce4bfc2e85aa53a","E:\train_2\0caffbdb306f8b5fd5947e895c37a61b2e1a62f84aee3824bce4bfc2e85aa53a.apk","E:\train_already\0caffbdb306f8b5fd5947e895c37a61b2e1a62f84aee3824bce4bfc2e85aa53a.apk"
"0cd2f1299b4f1170ff849414dc8cf91ac9499073fa125589b0cebd9800f0c253","E:\train_2\0cd2f1299b4f1170ff849414dc8cf91ac9499073fa125589b0cebd9800f0c253.apk","E:\train_already\0cd2f1299b4f1170ff849414dc8cf91ac9499073fa125589b0cebd9800f0c253.apk"
"0d007f5e2bb5e1f8a2ca10e58a497f7da6a30dbc83b8228803dbf72bc5e84920","E:\train_2\0d007f5e2bb5e1f8a2ca10e58a497f7da6a30dbc83b8228803dbf72bc5e84920.apk","E:\train_already\0d007f5e2bb5e1f8a2ca10e58a497f7da6a30dbc83b8228803dbf72bc5e84920.apk"
"0d2bc67c438f8150b706de9bc5917dd0a8fcb1cfe6928363717b5c13934f5f3b","E:\train_2\0d2bc67c438f8150b706de9bc5917dd0a8fcb1cfe6928363717b5c13934f5f3b.apk","E:\train_already\0d2bc67c438f8150b706de9bc5917dd0a8fcb1cfe6928363717b5c13934f5f3b.apk"
"0d50c1710bd7fd91cbe8d27d5ffc0cfa427758f48ce55bf9077e30fab0db700f","E:\train_2\0d50c1710bd7fd91cbe8d27d5ffc0cfa427758f48ce55bf9077e30fab0db700f.apk","E:\train_already\0d50c1710bd7fd91cbe8d27d5ffc0cfa427758f48ce55bf9077e30fab0db700f.apk"
"0dc4a9a4b934bf1eeae7fe9549f336c29ac9d236c628696d122d713cf3b5859e","E:\train_2\0dc4a9a4b934bf1eeae7fe9549f336c29ac9d236c628696d122d713cf3b5859e.apk","E:\train_already\0dc4a9a4b934bf1eeae7fe9549f336c29ac9d236c628696d122d713cf3b5859e.apk"
"0e52c4aa3840f239e919425dabd4a6ccf5becd94015262aa4dd48d4006ec2def","E:\train_2\0e52c4aa3840f239e919425dabd4a6ccf5becd94015262aa4dd48d4006ec2def.apk","E:\train_already\0e52c4aa3840f239e919425dabd4a6ccf5becd94015262aa4dd48d4006ec2def.apk"
"0e6d99be59d663ab252f081519761362977fae258d36913530fdec3e714754eb","E:\train_2\0e6d99be59d663ab252f081519761362977fae258d36913530fdec3e714754eb.apk","E:\train_already\0e6d99be59d663ab252f081519761362977fae258d36913530fdec3e714754eb.apk"
"0e8023118d9170efbba14f14de3c376b1f224eae1ab6ec936f2e32516826276c","E:\train_2\0e8023118d9170efbba14f14de3c376b1f224eae1ab6ec936f2e32516826276c.apk","E:\train_already\0e8023118d9170efbba14f14de3c376b1f224eae1ab6ec936f2e32516826276c.apk"
"0e87747db2f459992478099f321227bac30a9177d7f2ff338a7519f37b5e79fc","E:\train_2\0e87747db2f459992478099f321227bac30a9177d7f2ff338a7519f37b5e79fc.apk","E:\train_already\0e87747db2f459992478099f321227bac30a9177d7f2ff338a7519f37b5e79fc.apk"
"0ee015b7e9320249b6998e471f49a7d11075ca842fe332e91cbc0bb943a3ab01","E:\train_2\0ee015b7e9320249b6998e471f49a7d11075ca842fe332e91cbc0bb943a3ab01.apk","E:\train_already\0ee015b7e9320249b6998e471f49a7d11075ca842fe332e91cbc0bb943a3ab01.apk"
"0f3d0e2c565fa42dd77a6b86bf98eaf0601e4f059b38c47f095ca8370dced1f5","E:\train_2\0f3d0e2c565fa42dd77a6b86bf98eaf0601e4f059b38c47f095ca8370dced1f5.apk","E:\train_already\0f3d0e2c565fa42dd77a6b86bf98eaf0601e4f059b38c47f095ca8370dced1f5.apk"
"0f58ec840367ef367f8fb137bef5824cbceaf30007ce4cf2509241f2e37a0317","E:\train_2\0f58ec840367ef367f8fb137bef5824cbceaf30007ce4cf2509241f2e37a0317.apk","E:\train_already\0f58ec840367ef367f8fb137bef5824cbceaf30007ce4cf2509241f2e37a0317.apk"
"0f717bf1c2dc30e304604e4eedf475f90321a361a73a103d8f5562341ee0865b","E:\train_2\0f717bf1c2dc30e304604e4eedf475f90321a361a73a103d8f5562341ee0865b.apk","E:\train_already\0f717bf1c2dc30e304604e4eedf475f90321a361a73a103d8f5562341ee0865b.apk"
"0f71aac54364ff8acf276124c46b74a9f8c17ed6b60f28c14135a763bcef5d6d","E:\train_2\0f71aac54364ff8acf276124c46b74a9f8c17ed6b60f28c14135a763bcef5d6d.apk","E:\train_already\0f71aac54364ff8acf276124c46b74a9f8c17ed6b60f28c14135a763bcef5d6d.apk"
"0fa6c2e3c0deb0da96acbab08a2812aa99f13162f118a17f0e2256519c7efde0","E:\train_2\0fa6c2e3c0deb0da96acbab08a2812aa99f13162f118a17f0e2256519c7efde0.apk","E:\train_already\0fa6c2e3c0deb0da96acbab08a2812aa99f13162f118a17f0e2256519c7efde0.apk"
"0fdb674627ab2dd702cb39983a9401451b9b7b4daae54e0de738e9e6aac1d6f8","E:\train_2\0fdb674627ab2dd702cb39983a9401451b9b7b4daae54e0de738e9e6aac1d6f8.apk","E:\train_already\0fdb674627ab2dd702cb39983a9401451b9b7b4daae54e0de738e9e6aac1d6f8.apk"
"1a0cc3b154ccd92bb82b450dcc5c555907621f4dd7938684ae0e8acc140b1320","E:\train_2\1a0cc3b154ccd92bb82b450dcc5c555907621f4dd7938684ae0e8acc140b1320.apk","E:\train_already\1a0cc3b154ccd92bb82b450dcc5c555907621f4dd7938684ae0e8acc140b1320.apk"
"1a351f9d627ad8f0bf3a085cd8135791a6fb52d3bfcdb45002684a8c0e979be9","E:\train_2\1a351f9d627ad8f0bf3a085cd8135791a6fb52d3bfcdb45002684a8c0e979be9.apk","E:\train_already\1a351f9d627ad8f0bf3a085cd8135791a6fb52d3bfcdb45002684a8c0e979be9.apk"
"1a4b6d537d98dbd02bbbe85a14aea8187f06c3d3417bc90f3a746195d2c6f70e","E:\train_2\1a4b6d537d98dbd02bbbe85a14aea8187f06c3d3417bc90f3a746195d2c6f70e.apk","E:\train_already\1a4b6d537d98dbd02bbbe85a14aea8187f06c3d3417bc90f3a746195d2c6f70e.apk"
"1a4efbc29f45ed5b8dd5b8d2c91d53f608d39a388152b0fc0f7e593a37f664e9","E:\train_2\1a4efbc29f45ed5b8dd5b8d2c91d53f608d39a388152b0fc0f7e593a37f664e9.apk","E:\train_already\1a4efbc29f45ed5b8dd5b8d2c91d53f608d39a388152b0fc0f7e593a37f664e9.apk"
"1ac30bb4a9fd582d203bb609fc124d5c4ad4a26d48971b05c9ff2558c9c4cc24","E:\train_2\1ac30bb4a9fd582d203bb609fc124d5c4ad4a26d48971b05c9ff2558c9c4cc24.apk","E:\train_already\1ac30bb4a9fd582d203bb609fc124d5c4ad4a26d48971b05c9ff2558c9c4cc24.apk"
"1ac43ad71c13fdc93e6f7e8c61c85536245dbe6dcc5b0f0fc44840cd0967a89b","E:\train_2\1ac43ad71c13fdc93e6f7e8c61c85536245dbe6dcc5b0f0fc44840cd0967a89b.apk","E:\train_already\1ac43ad71c13fdc93e6f7e8c61c85536245dbe6dcc5b0f0fc44840cd0967a89b.apk"
"1acd7466c20286ca5f5eb9161252e91e9db57ebf7259fc2e18165385e75ba07c","E:\train_2\1acd7466c20286ca5f5eb9161252e91e9db57ebf7259fc2e18165385e75ba07c.apk","E:\train_already\1acd7466c20286ca5f5eb9161252e91e9db57ebf7259fc2e18165385e75ba07c.apk"
"1b23f56afef544d725bb3798115ab91265538face01e7fddb8ad1663ad8b0af5","E:\train_2\1b23f56afef544d725bb3798115ab91265538face01e7fddb8ad1663ad8b0af5.apk","E:\train_already\1b23f56afef544d725bb3798115ab91265538face01e7fddb8ad1663ad8b0af5.apk"
"1b34655799a75c407cbb22d0ebcb22c93e8b3865abfa6f0577cb4cae5295886f","E:\train_2\1b34655799a75c407cbb22d0ebcb22c93e8b3865abfa6f0577cb4cae5295886f.apk","E:\train_already\1b34655799a75c407cbb22d0ebcb22c93e8b3865abfa6f0577cb4cae5295886f.apk"
"1b8114a09322bf8a83dd8f518860265f35b9d8771b20da51584864833a5ab142","E:\train_2\1b8114a09322bf8a83dd8f518860265f35b9d8771b20da51584864833a5ab142.apk","E:\train_already\1b8114a09322bf8a83dd8f518860265f35b9d8771b20da51584864833a5ab142.apk"
"1be672942cc60151441989261cd3a3d057f5b47eab43f5fe172224fa3bb3ddfe","E:\train_2\1be672942cc60151441989261cd3a3d057f5b47eab43f5fe172224fa3bb3ddfe.apk","E:\train_already\1be672942cc60151441989261cd3a3d057f5b47eab43f5fe172224fa3bb3ddfe.apk"
"1beb322e0db6f07aa63c35fead38e790705de2d4d4dc1ea31ffb895952238638","E:\train_2\1beb322e0db6f07aa63c35fead38e790705de2d4d4dc1ea31ffb895952238638.apk","E:\train_already\1beb322e0db6f07aa63c35fead38e790705de2d4d4dc1ea31ffb895952238638.apk"
"1c3126b235fd299e25ca951f91786b53f14b0ed46e46a42e7949c228c8e96726","E:\train_2\1c3126b235fd299e25ca951f91786b53f14b0ed46e46a42e7949c228c8e96726.apk","E:\train_already\1c3126b235fd299e25ca951f91786b53f14b0ed46e46a42e7949c228c8e96726.apk"
"1c35fa774430ce8ef0e3b78526fb5ff80ccc208a69c452b61de5831b778c200d","E:\train_2\1c35fa774430ce8ef0e3b78526fb5ff80ccc208a69c452b61de5831b778c200d.apk","E:\train_already\1c35fa774430ce8ef0e3b78526fb5ff80ccc208a69c452b61de5831b778c200d.apk"
"1c780d50fb64ad550928f334a3acade146559364f69da51634141c519bd9a2d0","E:\train_2\1c780d50fb64ad550928f334a3acade146559364f69da51634141c519bd9a2d0.apk","E:\train_already\1c780d50fb64ad550928f334a3acade146559364f69da51634141c519bd9a2d0.apk"
"1cc4b64350d591b099cd68c6e9fb5d31e0d9a486ae066022e903da6bf0af493e","E:\train_2\1cc4b64350d591b099cd68c6e9fb5d31e0d9a486ae066022e903da6bf0af493e.apk","E:\train_already\1cc4b64350d591b099cd68c6e9fb5d31e0d9a486ae066022e903da6bf0af493e.apk"
"1cebf8e63da4722e24f2e11d3ee959ae1652970f459ef9c5f339372f92b769f2","E:\train_2\1cebf8e63da4722e24f2e11d3ee959ae1652970f459ef9c5f339372f92b769f2.apk","E:\train_already\1cebf8e63da4722e24f2e11d3ee959ae1652970f459ef9c5f339372f92b769f2.apk"
"1d1b3c849a543eeaa3d9b4a3335ce0341c6eb6a5c5b53b65364f110b9f01157b","E:\train_2\1d1b3c849a543eeaa3d9b4a3335ce0341c6eb6a5c5b53b65364f110b9f01157b.apk","E:\train_already\1d1b3c849a543eeaa3d9b4a3335ce0341c6eb6a5c5b53b65364f110b9f01157b.apk"
"1d415e687720b2c0ae7f9e58b6ddaf53a5c1253d129634455b5f0a0e4f343848","E:\train_2\1d415e687720b2c0ae7f9e58b6ddaf53a5c1253d129634455b5f0a0e4f343848.apk","E:\train_already\1d415e687720b2c0ae7f9e58b6ddaf53a5c1253d129634455b5f0a0e4f343848.apk"
"1d6be263115b6bb293bf9753e65848a1664cece8aae97d62614cdef68186eaa2","E:\train_2\1d6be263115b6bb293bf9753e65848a1664cece8aae97d62614cdef68186eaa2.apk","E:\train_already\1d6be263115b6bb293bf9753e65848a1664cece8aae97d62614cdef68186eaa2.apk"
"1dc262e4ef048f6e22fc0b54cce5921cf805b68ac1126df9e82346031af7eb67","E:\train_2\1dc262e4ef048f6e22fc0b54cce5921cf805b68ac1126df9e82346031af7eb67.apk","E:\train_already\1dc262e4ef048f6e22fc0b54cce5921cf805b68ac1126df9e82346031af7eb67.apk"
"1dd021e7e765a26ec11e420dfaa62f3fd3190351047bdc4bddc1686672b07896","E:\train_2\1dd021e7e765a26ec11e420dfaa62f3fd3190351047bdc4bddc1686672b07896.apk","E:\train_already\1dd021e7e765a26ec11e420dfaa62f3fd3190351047bdc4bddc1686672b07896.apk"
"1ddf8aa7b26dd55da2e41df3086a56426c3df303a54086e788e8481170b8bb1e","E:\train_2\1ddf8aa7b26dd55da2e41df3086a56426c3df303a54086e788e8481170b8bb1e.apk","E:\train_already\1ddf8aa7b26dd55da2e41df3086a56426c3df303a54086e788e8481170b8bb1e.apk"
"1e9886dfc0b2ecb606d92224fd57d2df43cfd3e0e51563ed4b08c7169051e736","E:\train_2\1e9886dfc0b2ecb606d92224fd57d2df43cfd3e0e51563ed4b08c7169051e736.apk","E:\train_already\1e9886dfc0b2ecb606d92224fd57d2df43cfd3e0e51563ed4b08c7169051e736.apk"
"1e99840909da7fc1dc6f77434fb53ea32270e0ad7883f559d7e7232478f0118b","E:\train_2\1e99840909da7fc1dc6f77434fb53ea32270e0ad7883f559d7e7232478f0118b.apk","E:\train_already\1e99840909da7fc1dc6f77434fb53ea32270e0ad7883f559d7e7232478f0118b.apk"
"1eb45eea655757f31235c2aa7c7c4f4a7f35633628517c02804352eb66228b4f","E:\train_2\1eb45eea655757f31235c2aa7c7c4f4a7f35633628517c02804352eb66228b4f.apk","E:\train_already\1eb45eea655757f31235c2aa7c7c4f4a7f35633628517c02804352eb66228b4f.apk"
"1ebe83a93e65c1921cb8425cd8ee89d220f496c27fa39a51e002168889a53fe4","E:\train_2\1ebe83a93e65c1921cb8425cd8ee89d220f496c27fa39a51e002168889a53fe4.apk","E:\train_already\1ebe83a93e65c1921cb8425cd8ee89d220f496c27fa39a51e002168889a53fe4.apk"
"1ec9f189458483608cb15d0f21cdf8e06aa6b8ad78792068a0b0d131c5343ede","E:\train_2\1ec9f189458483608cb15d0f21cdf8e06aa6b8ad78792068a0b0d131c5343ede.apk","E:\train_already\1ec9f189458483608cb15d0f21cdf8e06aa6b8ad78792068a0b0d131c5343ede.apk"
"1f3850718e4090ace12f7d805e9e98240261fdb023d124ab688250340a68cad1","E:\train_2\1f3850718e4090ace12f7d805e9e98240261fdb023d124ab688250340a68cad1.apk","E:\train_already\1f3850718e4090ace12f7d805e9e98240261fdb023d124ab688250340a68cad1.apk"
"1f459ebc262daaf7e3a36bad52e1e161d67cfb3c4da5f30e9d5168c657418c4f","E:\train_2\1f459ebc262daaf7e3a36bad52e1e161d67cfb3c4da5f30e9d5168c657418c4f.apk","E:\train_already\1f459ebc262daaf7e3a36bad52e1e161d67cfb3c4da5f30e9d5168c657418c4f.apk"
"1f9cb9a6e616f009bc900e44e4ded297e56bb12ba6755c5ab6193ba23092ad7a","E:\train_2\1f9cb9a6e616f009bc900e44e4ded297e56bb12ba6755c5ab6193ba23092ad7a.apk","E:\train_already\1f9cb9a6e616f009bc900e44e4ded297e56bb12ba6755c5ab6193ba23092ad7a.apk"
"1faffc392911aafdec52a5a04f1db4ee4b459d56c96f87eda83be7c61290f299","E:\train_2\1faffc392911aafdec52a5a04f1db4ee4b459d56c96f87eda83be7c61290f299.apk","E:\train_already\1faffc392911aafdec52a5a04f1db4ee4b459d56c96f87eda83be7c61290f299.apk"
"1fc27b476f97135f4302afbdee59416f7e9af71285b3151ca3287c0bfe0add3a","E:\train_2\1fc27b476f97135f4302afbdee59416f7e9af71285b3151ca3287c0bfe0add3a.apk","E:\train_already\1fc27b476f97135f4302afbdee59416f7e9af71285b3151ca3287c0bfe0add3a.apk"
"1fdc9ea3eccc6f1e12b6efa5b112441171e52d6c01a9aaec944210aac2d9da2c","E:\train_2\1fdc9ea3eccc6f1e12b6efa5b112441171e52d6c01a9aaec944210aac2d9da2c.apk","E:\train_already\1fdc9ea3eccc6f1e12b6efa5b112441171e52d6c01a9aaec944210aac2d9da2c.apk"
"2a28b6430b46e28dd5ce70a28cf220c20442b173d6819e64bdb9cf770fa10b34","E:\train_2\2a28b6430b46e28dd5ce70a28cf220c20442b173d6819e64bdb9cf770fa10b34.apk","E:\train_already\2a28b6430b46e28dd5ce70a28cf220c20442b173d6819e64bdb9cf770fa10b34.apk"
"2a4a217f55b774f8256df2546c5f28776c6fb06e813744346edaa0789eb1e24d","E:\train_2\2a4a217f55b774f8256df2546c5f28776c6fb06e813744346edaa0789eb1e24d.apk","E:\train_already\2a4a217f55b774f8256df2546c5f28776c6fb06e813744346edaa0789eb1e24d.apk"
"2a56180c9c7ed6855b071268e12cdbeed77d805ec14ec50c6208e62f10b891ce","E:\train_2\2a56180c9c7ed6855b071268e12cdbeed77d805ec14ec50c6208e62f10b891ce.apk","E:\train_already\2a56180c9c7ed6855b071268e12cdbeed77d805ec14ec50c6208e62f10b891ce.apk"
"2a6ac85ab47519ac5fc3d5d90a8129556bd2006b9fa73f8d41da5b2384318363","E:\train_2\2a6ac85ab47519ac5fc3d5d90a8129556bd2006b9fa73f8d41da5b2384318363.apk","E:\train_already\2a6ac85ab47519ac5fc3d5d90a8129556bd2006b9fa73f8d41da5b2384318363.apk"
"2a7ac5311cce3ded10f6e2e953803d070fdbaf5bcf2091b712f0a3528e4cedcf","E:\train_2\2a7ac5311cce3ded10f6e2e953803d070fdbaf5bcf2091b712f0a3528e4cedcf.apk","E:\train_already\2a7ac5311cce3ded10f6e2e953803d070fdbaf5bcf2091b712f0a3528e4cedcf.apk"
"2a825201628756e0a33658fa5569b93d423b5a4213a02756c6ddc9895cef8872","E:\train_2\2a825201628756e0a33658fa5569b93d423b5a4213a02756c6ddc9895cef8872.apk","E:\train_already\2a825201628756e0a33658fa5569b93d423b5a4213a02756c6ddc9895cef8872.apk"
"2a98c1ab70f87e75df5536ea33d30f15ca3cb87a03d200cdc6a9df56e5d6da92","E:\train_2\2a98c1ab70f87e75df5536ea33d30f15ca3cb87a03d200cdc6a9df56e5d6da92.apk","E:\train_already\2a98c1ab70f87e75df5536ea33d30f15ca3cb87a03d200cdc6a9df56e5d6da92.apk"
"2a9903534c609f0061beba07355a2250aec5c1c68a6c1da332c66ca2004fd290","E:\train_2\2a9903534c609f0061beba07355a2250aec5c1c68a6c1da332c66ca2004fd290.apk","E:\train_already\2a9903534c609f0061beba07355a2250aec5c1c68a6c1da332c66ca2004fd290.apk"
"2ac0b66fdd7959af8a86148e04febfa89ab8e84808c91b4180448a512286a5c2","E:\train_2\2ac0b66fdd7959af8a86148e04febfa89ab8e84808c91b4180448a512286a5c2.apk","E:\train_already\2ac0b66fdd7959af8a86148e04febfa89ab8e84808c91b4180448a512286a5c2.apk"
"2ae08302c4c9d6d92a91fdf47fb7e31a817d80ccd5da8389e64496f50cbd87bd","E:\train_2\2ae08302c4c9d6d92a91fdf47fb7e31a817d80ccd5da8389e64496f50cbd87bd.apk","E:\train_already\2ae08302c4c9d6d92a91fdf47fb7e31a817d80ccd5da8389e64496f50cbd87bd.apk"
"2b0a189e377721d609c52a52fb18fbbe7c6d9f6c52ad04e4f2eb2f26b64638d1","E:\train_2\2b0a189e377721d609c52a52fb18fbbe7c6d9f6c52ad04e4f2eb2f26b64638d1.apk","E:\train_already\2b0a189e377721d609c52a52fb18fbbe7c6d9f6c52ad04e4f2eb2f26b64638d1.apk"
"2b2e762a8276346a2466c4113181723e2662a24323463fea631dcd4e0ea513ec","E:\train_2\2b2e762a8276346a2466c4113181723e2662a24323463fea631dcd4e0ea513ec.apk","E:\train_already\2b2e762a8276346a2466c4113181723e2662a24323463fea631dcd4e0ea513ec.apk"
"2c02cfcbee420f5d5cee40da5aa33c776b3b994023db4b7b8012819bbd631808","E:\train_2\2c02cfcbee420f5d5cee40da5aa33c776b3b994023db4b7b8012819bbd631808.apk","E:\train_already\2c02cfcbee420f5d5cee40da5aa33c776b3b994023db4b7b8012819bbd631808.apk"
"2c6eea090325773ffa659048518b779ac9c151e297054da7c6c060fbc315c623","E:\train_2\2c6eea090325773ffa659048518b779ac9c151e297054da7c6c060fbc315c623.apk","E:\train_already\2c6eea090325773ffa659048518b779ac9c151e297054da7c6c060fbc315c623.apk"
"2c892016022a09acd8da91a9e619560ae72ec6a60afd0a883c0c0dfdc799163c","E:\train_2\2c892016022a09acd8da91a9e619560ae72ec6a60afd0a883c0c0dfdc799163c.apk","E:\train_already\2c892016022a09acd8da91a9e619560ae72ec6a60afd0a883c0c0dfdc799163c.apk"
"2caacf3d9a5da0fccae07dbd309843ddd552f95d2ca44948526d8622d582c020","E:\train_2\2caacf3d9a5da0fccae07dbd309843ddd552f95d2ca44948526d8622d582c020.apk","E:\train_already\2caacf3d9a5da0fccae07dbd309843ddd552f95d2ca44948526d8622d582c020.apk"
"2ce148eed4a70c751d66f36619c9aa07c620453908091db86fcdc41e25b10b8c","E:\train_2\2ce148eed4a70c751d66f36619c9aa07c620453908091db86fcdc41e25b10b8c.apk","E:\train_already\2ce148eed4a70c751d66f36619c9aa07c620453908091db86fcdc41e25b10b8c.apk"
"2d3927fbde93fdbbef6e46ce07e9f03cf009c53f5f035da21f20c512cb5217ed","E:\train_2\2d3927fbde93fdbbef6e46ce07e9f03cf009c53f5f035da21f20c512cb5217ed.apk","E:\train_already\2d3927fbde93fdbbef6e46ce07e9f03cf009c53f5f035da21f20c512cb5217ed.apk"
"2d6b4786475cb342aa2f4d001c68aa8e7b10b9f7df79d3e54c5794f21aa0bd08","E:\train_2\2d6b4786475cb342aa2f4d001c68aa8e7b10b9f7df79d3e54c5794f21aa0bd08.apk","E:\train_already\2d6b4786475cb342aa2f4d001c68aa8e7b10b9f7df79d3e54c5794f21aa0bd08.apk"
"2dce027caf7676effedea00dfedf48d2f0dd01609d0cbd2225dfaa710ba3502b","E:\train_2\2dce027caf7676effedea00dfedf48d2f0dd01609d0cbd2225dfaa710ba3502b.apk","E:\train_already\2dce027caf7676effedea00dfedf48d2f0dd01609d0cbd2225dfaa710ba3502b.apk"
"2ddf6329b4e77c9e99df3f1c8af98222b646b6d6f3ab51da239b186f35cd6e40","E:\train_2\2ddf6329b4e77c9e99df3f1c8af98222b646b6d6f3ab51da239b186f35cd6e40.apk","E:\train_already\2ddf6329b4e77c9e99df3f1c8af98222b646b6d6f3ab51da239b186f35cd6e40.apk"
"2e549bc510a25a510e311befd7aa63337ddd99b9054f3fdfb48c602a958e4f81","E:\train_2\2e549bc510a25a510e311befd7aa63337ddd99b9054f3fdfb48c602a958e4f81.apk","E:\train_already\2e549bc510a25a510e311befd7aa63337ddd99b9054f3fdfb48c602a958e4f81.apk"
"2e61810c8f1ad96541ab77e6f9eb9c5627d5e9b7fc3d117a48f64fb6720e7382","E:\train_2\2e61810c8f1ad96541ab77e6f9eb9c5627d5e9b7fc3d117a48f64fb6720e7382.apk","E:\train_already\2e61810c8f1ad96541ab77e6f9eb9c5627d5e9b7fc3d117a48f64fb6720e7382.apk"
"2ebd222ad7d7243b8b0c1feb303050df441efdba37fb9dc1ce99a14ec4679c6a","E:\train_2\2ebd222ad7d7243b8b0c1feb303050df441efdba37fb9dc1ce99a14ec4679c6a.apk","E:\train_already\2ebd222ad7d7243b8b0c1feb303050df441efdba37fb9dc1ce99a14ec4679c6a.apk"
"2ede62db9630aca70a2251d4f28a904bb5a602d09214427652c60b0c4dec8787","E:\train_2\2ede62db9630aca70a2251d4f28a904bb5a602d09214427652c60b0c4dec8787.apk","E:\train_already\2ede62db9630aca70a2251d4f28a904bb5a602d09214427652c60b0c4dec8787.apk"
"2f5bb8873edad9caa2f4d100f617555e0131573d4eb8c6e41bbbc9d4393f5ee7","E:\train_2\2f5bb8873edad9caa2f4d100f617555e0131573d4eb8c6e41bbbc9d4393f5ee7.apk","E:\train_already\2f5bb8873edad9caa2f4d100f617555e0131573d4eb8c6e41bbbc9d4393f5ee7.apk"
"2faa97bba7370a22061402f6d218d89cdefb83550d62ae94ea2ca56d0677f2a4","E:\train_2\2faa97bba7370a22061402f6d218d89cdefb83550d62ae94ea2ca56d0677f2a4.apk","E:\train_already\2faa97bba7370a22061402f6d218d89cdefb83550d62ae94ea2ca56d0677f2a4.apk"
"2fb3aec8e56ea5af70295c7eaa597fc480dea9c15b012150aa9bddb9063cf1cf","E:\train_2\2fb3aec8e56ea5af70295c7eaa597fc480dea9c15b012150aa9bddb9063cf1cf.apk","E:\train_already\2fb3aec8e56ea5af70295c7eaa597fc480dea9c15b012150aa9bddb9063cf1cf.apk"
"2fe17ed6ca3385992e57100f6c0059370e93a919f8004ef6e04a4a376028040c","E:\train_2\2fe17ed6ca3385992e57100f6c0059370e93a919f8004ef6e04a4a376028040c.apk","E:\train_already\2fe17ed6ca3385992e57100f6c0059370e93a919f8004ef6e04a4a376028040c.apk"
"2fe4b206d9faa2a16ca38f4fe32b77167d1799aabb78cfb1d49953c733422886","E:\train_2\2fe4b206d9faa2a16ca38f4fe32b77167d1799aabb78cfb1d49953c733422886.apk","E:\train_already\2fe4b206d9faa2a16ca38f4fe32b77167d1799aabb78cfb1d49953c733422886.apk"
"3a2525be1517072d831ec9bfca427128148e2cf850ed4d08ada706487bc4d8a6","E:\train_2\3a2525be1517072d831ec9bfca427128148e2cf850ed4d08ada706487bc4d8a6.apk","E:\train_already\3a2525be1517072d831ec9bfca427128148e2cf850ed4d08ada706487bc4d8a6.apk"
"3ada2178320f9c03aa2a986bae67d4c2819c1ae4b4bdf64b3e751b1aca271743","E:\train_2\3ada2178320f9c03aa2a986bae67d4c2819c1ae4b4bdf64b3e751b1aca271743.apk","E:\train_already\3ada2178320f9c03aa2a986bae67d4c2819c1ae4b4bdf64b3e751b1aca271743.apk"
"3adcff9012a0c82ef0260473ed212054b1970714ef9f446c23c1ab0e4eb97573","E:\train_2\3adcff9012a0c82ef0260473ed212054b1970714ef9f446c23c1ab0e4eb97573.apk","E:\train_already\3adcff9012a0c82ef0260473ed212054b1970714ef9f446c23c1ab0e4eb97573.apk"
"3b549c3db1202486df37aed20697a0ddb589bcf4065ea92fc7d2cf291458ec87","E:\train_2\3b549c3db1202486df37aed20697a0ddb589bcf4065ea92fc7d2cf291458ec87.apk","E:\train_already\3b549c3db1202486df37aed20697a0ddb589bcf4065ea92fc7d2cf291458ec87.apk"
"3b6368d6b72b0b3cef8ba13b020cf7ca9c53e6d75ad4bc2c8aa54b4240fd4b67","E:\train_2\3b6368d6b72b0b3cef8ba13b020cf7ca9c53e6d75ad4bc2c8aa54b4240fd4b67.apk","E:\train_already\3b6368d6b72b0b3cef8ba13b020cf7ca9c53e6d75ad4bc2c8aa54b4240fd4b67.apk"
"3b8f7ebfab31a9dc80abd5a20e8ff2a85730c5359b3a666d0e4ebaee8886881e","E:\train_2\3b8f7ebfab31a9dc80abd5a20e8ff2a85730c5359b3a666d0e4ebaee8886881e.apk","E:\train_already\3b8f7ebfab31a9dc80abd5a20e8ff2a85730c5359b3a666d0e4ebaee8886881e.apk"
"3bb2122aeb8788d73d54fad0b7aed54d31a7910987afe219b8d48e76ed728f1b","E:\train_2\3bb2122aeb8788d73d54fad0b7aed54d31a7910987afe219b8d48e76ed728f1b.apk","E:\train_already\3bb2122aeb8788d73d54fad0b7aed54d31a7910987afe219b8d48e76ed728f1b.apk"
"3bf2c93213f1955bef637566090a150a930b948afa08e4ee45d9f26f38ca59be","E:\train_2\3bf2c93213f1955bef637566090a150a930b948afa08e4ee45d9f26f38ca59be.apk","E:\train_already\3bf2c93213f1955bef637566090a150a930b948afa08e4ee45d9f26f38ca59be.apk"
"3c14c04cab7c042ee0334cb4d40b0992601122f0c70dae2306d91538b79a8f0e","E:\train_2\3c14c04cab7c042ee0334cb4d40b0992601122f0c70dae2306d91538b79a8f0e.apk","E:\train_already\3c14c04cab7c042ee0334cb4d40b0992601122f0c70dae2306d91538b79a8f0e.apk"
"3cab371726f8f283e4bf30ef31bf502c3849e663dca21013a47510c0084d8646","E:\train_2\3cab371726f8f283e4bf30ef31bf502c3849e663dca21013a47510c0084d8646.apk","E:\train_already\3cab371726f8f283e4bf30ef31bf502c3849e663dca21013a47510c0084d8646.apk"
"3cc76b8f6dd687486cd9321967f5c0b994e0bfb7805986c3d9b5a345a32f5a23","E:\train_2\3cc76b8f6dd687486cd9321967f5c0b994e0bfb7805986c3d9b5a345a32f5a23.apk","E:\train_already\3cc76b8f6dd687486cd9321967f5c0b994e0bfb7805986c3d9b5a345a32f5a23.apk"
"3cc8e5f463df6f1f561bb3ce31a48ba6232914066c3ae9541c63b18b3cbda6b3","E:\train_2\3cc8e5f463df6f1f561bb3ce31a48ba6232914066c3ae9541c63b18b3cbda6b3.apk","E:\train_already\3cc8e5f463df6f1f561bb3ce31a48ba6232914066c3ae9541c63b18b3cbda6b3.apk"
"3ce21caca2f8b5ebbc771424bfe90e5795b5b9fd2429847fd2108901ded6a086","E:\train_2\3ce21caca2f8b5ebbc771424bfe90e5795b5b9fd2429847fd2108901ded6a086.apk","E:\train_already\3ce21caca2f8b5ebbc771424bfe90e5795b5b9fd2429847fd2108901ded6a086.apk"
"3d243bf2e73699eec4e38d7924b423665678d38ca42ead3b8de299ad108578e0","E:\train_2\3d243bf2e73699eec4e38d7924b423665678d38ca42ead3b8de299ad108578e0.apk","E:\train_already\3d243bf2e73699eec4e38d7924b423665678d38ca42ead3b8de299ad108578e0.apk"
"3d2570af4a289ae046fab1ac6e23f7108ac1c6792bd452cb24c74ae792a3fece","E:\train_2\3d2570af4a289ae046fab1ac6e23f7108ac1c6792bd452cb24c74ae792a3fece.apk","E:\train_already\3d2570af4a289ae046fab1ac6e23f7108ac1c6792bd452cb24c74ae792a3fece.apk"
"3d2b989eff66ce5b1553131659f8ab621bce3860edbd49aab40b1ae0c8b72e3c","E:\train_2\3d2b989eff66ce5b1553131659f8ab621bce3860edbd49aab40b1ae0c8b72e3c.apk","E:\train_already\3d2b989eff66ce5b1553131659f8ab621bce3860edbd49aab40b1ae0c8b72e3c.apk"
"3d81b3c2fa278732ee5bb202f119ea0a03db9c52642ee5ee8439600e8c1df121","E:\train_2\3d81b3c2fa278732ee5bb202f119ea0a03db9c52642ee5ee8439600e8c1df121.apk","E:\train_already\3d81b3c2fa278732ee5bb202f119ea0a03db9c52642ee5ee8439600e8c1df121.apk"
"3d9c915f679bd5416a543e7213c19b7fd6816ee9e18dd1bd4c20daa3abfa7937","E:\train_2\3d9c915f679bd5416a543e7213c19b7fd6816ee9e18dd1bd4c20daa3abfa7937.apk","E:\train_already\3d9c915f679bd5416a543e7213c19b7fd6816ee9e18dd1bd4c20daa3abfa7937.apk"
"3dc929a99f76bb8c494bcbd52d1d3421d439a0049afc76fc11e2dbf7cf8eb6ae","E:\train_2\3dc929a99f76bb8c494bcbd52d1d3421d439a0049afc76fc11e2dbf7cf8eb6ae.apk","E:\train_already\3dc929a99f76bb8c494bcbd52d1d3421d439a0049afc76fc11e2dbf7cf8eb6ae.apk"
"3ddafcb76d51139fc9f01731ae6e66ee9706fcc030d59ff49f3d003c98bcbc21","E:\train_2\3ddafcb76d51139fc9f01731ae6e66ee9706fcc030d59ff49f3d003c98bcbc21.apk","E:\train_already\3ddafcb76d51139fc9f01731ae6e66ee9706fcc030d59ff49f3d003c98bcbc21.apk"
"3dedf10ced55348dca2b32b94543fc2716281e7256a72c9351ae44c28cf6d0a8","E:\train_2\3dedf10ced55348dca2b32b94543fc2716281e7256a72c9351ae44c28cf6d0a8.apk","E:\train_already\3dedf10ced55348dca2b32b94543fc2716281e7256a72c9351ae44c28cf6d0a8.apk"
"3e2e27522bf595913907d4a964f43242852a64007f980501ff80babd989cb0b1","E:\train_2\3e2e27522bf595913907d4a964f43242852a64007f980501ff80babd989cb0b1.apk","E:\train_already\3e2e27522bf595913907d4a964f43242852a64007f980501ff80babd989cb0b1.apk"
"3e6704b0972644abe8fd1a0547147a5fd8c8ff58c71a28db176d82101d9c91f3","E:\train_2\3e6704b0972644abe8fd1a0547147a5fd8c8ff58c71a28db176d82101d9c91f3.apk","E:\train_already\3e6704b0972644abe8fd1a0547147a5fd8c8ff58c71a28db176d82101d9c91f3.apk"
"3ea781410847293b190a9c369262d53ca6365455b844c48afced0fbd420e8704","E:\train_2\3ea781410847293b190a9c369262d53ca6365455b844c48afced0fbd420e8704.apk","E:\train_already\3ea781410847293b190a9c369262d53ca6365455b844c48afced0fbd420e8704.apk"
"3f02db0c8dd8bed736cc7f849ef1053b09d695b734dac9c4d191d846a19d29b2","E:\train_2\3f02db0c8dd8bed736cc7f849ef1053b09d695b734dac9c4d191d846a19d29b2.apk","E:\train_already\3f02db0c8dd8bed736cc7f849ef1053b09d695b734dac9c4d191d846a19d29b2.apk"
"3f1175bad67a515c8b085085953c1a6f8a1be5dcffcadfee4dbec537c0665bea","E:\train_2\3f1175bad67a515c8b085085953c1a6f8a1be5dcffcadfee4dbec537c0665bea.apk","E:\train_already\3f1175bad67a515c8b085085953c1a6f8a1be5dcffcadfee4dbec537c0665bea.apk"
"3f62736f772503b2a6336d42a6b1c448b5b88eed5b407b84f88cd15699d21010","E:\train_2\3f62736f772503b2a6336d42a6b1c448b5b88eed5b407b84f88cd15699d21010.apk","E:\train_already\3f62736f772503b2a6336d42a6b1c448b5b88eed5b407b84f88cd15699d21010.apk"
"4a10d5f7ca31900af49dde005d0da61c0b28814735307882b236843b67d6b432","E:\train_2\4a10d5f7ca31900af49dde005d0da61c0b28814735307882b236843b67d6b432.apk","E:\train_already\4a10d5f7ca31900af49dde005d0da61c0b28814735307882b236843b67d6b432.apk"
"4a9be13f0b42b5140df1f080ffed06f3f6869d8313dd6fcbf888a0d703c057fe","E:\train_2\4a9be13f0b42b5140df1f080ffed06f3f6869d8313dd6fcbf888a0d703c057fe.apk","E:\train_already\4a9be13f0b42b5140df1f080ffed06f3f6869d8313dd6fcbf888a0d703c057fe.apk"
"4a9c1c9f6401d12ce9ba8375c8b061939ab95025247244b5f3b23bdc974e968e","E:\train_2\4a9c1c9f6401d12ce9ba8375c8b061939ab95025247244b5f3b23bdc974e968e.apk","E:\train_already\4a9c1c9f6401d12ce9ba8375c8b061939ab95025247244b5f3b23bdc974e968e.apk"
"4aaf2c39ba06e6c2d5861530b5a7ef79a6fd6f86572bd2a82df3671566080fec","E:\train_2\4aaf2c39ba06e6c2d5861530b5a7ef79a6fd6f86572bd2a82df3671566080fec.apk","E:\train_already\4aaf2c39ba06e6c2d5861530b5a7ef79a6fd6f86572bd2a82df3671566080fec.apk"
"4aec12fccad1f528c9e1f518c86514cabada7627cabfdee8e32c957cb7b7cfc1","E:\train_2\4aec12fccad1f528c9e1f518c86514cabada7627cabfdee8e32c957cb7b7cfc1.apk","E:\train_already\4aec12fccad1f528c9e1f518c86514cabada7627cabfdee8e32c957cb7b7cfc1.apk"
"4b09be086cce599ba10266e46be8e309a5b831f0056e3c8bca8819f635124f09","E:\train_2\4b09be086cce599ba10266e46be8e309a5b831f0056e3c8bca8819f635124f09.apk","E:\train_already\4b09be086cce599ba10266e46be8e309a5b831f0056e3c8bca8819f635124f09.apk"
"4b118990916f8695693d43ac07766e478e482527044ecd3aad029d26f09dadae","E:\train_2\4b118990916f8695693d43ac07766e478e482527044ecd3aad029d26f09dadae.apk","E:\train_already\4b118990916f8695693d43ac07766e478e482527044ecd3aad029d26f09dadae.apk"
"4bc0c076b5aa1f4c10bf76c83adfdb10659f7099f7066e2dfadb152f78d7f89f","E:\train_2\4bc0c076b5aa1f4c10bf76c83adfdb10659f7099f7066e2dfadb152f78d7f89f.apk","E:\train_already\4bc0c076b5aa1f4c10bf76c83adfdb10659f7099f7066e2dfadb152f78d7f89f.apk"
"4c0a99bd8de80564742d450a47949d050cb9ed8c718ad81d0286c7c947b21790","E:\train_2\4c0a99bd8de80564742d450a47949d050cb9ed8c718ad81d0286c7c947b21790.apk","E:\train_already\4c0a99bd8de80564742d450a47949d050cb9ed8c718ad81d0286c7c947b21790.apk"
"4c3a6138606105c7f4928a80a95e13f70d1a3fa3c252e1e8c752a25f2818b93d","E:\train_2\4c3a6138606105c7f4928a80a95e13f70d1a3fa3c252e1e8c752a25f2818b93d.apk","E:\train_already\4c3a6138606105c7f4928a80a95e13f70d1a3fa3c252e1e8c752a25f2818b93d.apk"
"4c5df7836d21249cbb99510e9be6227bef68537f969cb2505d8026de842bd6d8","E:\train_2\4c5df7836d21249cbb99510e9be6227bef68537f969cb2505d8026de842bd6d8.apk","E:\train_already\4c5df7836d21249cbb99510e9be6227bef68537f969cb2505d8026de842bd6d8.apk"
"4c61cbfc180a4b2fd86fba468a51ac84d665aa819eed4b9b511b1ec0a9e320a4","E:\train_2\4c61cbfc180a4b2fd86fba468a51ac84d665aa819eed4b9b511b1ec0a9e320a4.apk","E:\train_already\4c61cbfc180a4b2fd86fba468a51ac84d665aa819eed4b9b511b1ec0a9e320a4.apk"
"4c76b1e2b1e7370e8ab6c8ce8a80fb41a4088f91809b435f4ede896c7bdb901f","E:\train_2\4c76b1e2b1e7370e8ab6c8ce8a80fb41a4088f91809b435f4ede896c7bdb901f.apk","E:\train_already\4c76b1e2b1e7370e8ab6c8ce8a80fb41a4088f91809b435f4ede896c7bdb901f.apk"
"4cc741e4e8a662ab457f7b23e5224d5efac0b6c2d3eb507c81ba8e5aeeb29059","E:\train_2\4cc741e4e8a662ab457f7b23e5224d5efac0b6c2d3eb507c81ba8e5aeeb29059.apk","E:\train_already\4cc741e4e8a662ab457f7b23e5224d5efac0b6c2d3eb507c81ba8e5aeeb29059.apk"
"4cf5eb7ff02b628557517128fcddcffd195e6e60f9e8918e1acafb25fb71b8f1","E:\train_2\4cf5eb7ff02b628557517128fcddcffd195e6e60f9e8918e1acafb25fb71b8f1.apk","E:\train_already\4cf5eb7ff02b628557517128fcddcffd195e6e60f9e8918e1acafb25fb71b8f1.apk"
"4d0a3f72c6e54772f51913d7e372ad1c43d12e807fe1f8296fcf940cf4a6df0f","E:\train_2\4d0a3f72c6e54772f51913d7e372ad1c43d12e807fe1f8296fcf940cf4a6df0f.apk","E:\train_already\4d0a3f72c6e54772f51913d7e372ad1c43d12e807fe1f8296fcf940cf4a6df0f.apk"
"4d606dd1cc9b41bc0ba34490327f415aab4eaf22154cdf9ba546693b8bf3ff12","E:\train_2\4d606dd1cc9b41bc0ba34490327f415aab4eaf22154cdf9ba546693b8bf3ff12.apk","E:\train_already\4d606dd1cc9b41bc0ba34490327f415aab4eaf22154cdf9ba546693b8bf3ff12.apk"
"4dc7162529c1a9497968e2019a73fc69efcdbc7e0334c526ff6a278bf3056039","E:\train_2\4dc7162529c1a9497968e2019a73fc69efcdbc7e0334c526ff6a278bf3056039.apk","E:\train_already\4dc7162529c1a9497968e2019a73fc69efcdbc7e0334c526ff6a278bf3056039.apk"
"4dd2811ffd17e19c6175ab9ecf39e3c9fdde68e60b808f41f3a383ca12be1167","E:\train_2\4dd2811ffd17e19c6175ab9ecf39e3c9fdde68e60b808f41f3a383ca12be1167.apk","E:\train_already\4dd2811ffd17e19c6175ab9ecf39e3c9fdde68e60b808f41f3a383ca12be1167.apk"
"4e2873a7d68713d067f9b573e4013998d0eb11e104064d7dbcced7003a3ca1dc","E:\train_2\4e2873a7d68713d067f9b573e4013998d0eb11e104064d7dbcced7003a3ca1dc.apk","E:\train_already\4e2873a7d68713d067f9b573e4013998d0eb11e104064d7dbcced7003a3ca1dc.apk"
"4e294a18a1a7d5e9edbe21980604b3856ace831a653de78ea9cc15a0fa3fbd7d","E:\train_2\4e294a18a1a7d5e9edbe21980604b3856ace831a653de78ea9cc15a0fa3fbd7d.apk","E:\train_already\4e294a18a1a7d5e9edbe21980604b3856ace831a653de78ea9cc15a0fa3fbd7d.apk"
"4e3528541da0bb5c9206388b70291baf36f111d7867b75d1c85d791a400ee024","E:\train_2\4e3528541da0bb5c9206388b70291baf36f111d7867b75d1c85d791a400ee024.apk","E:\train_already\4e3528541da0bb5c9206388b70291baf36f111d7867b75d1c85d791a400ee024.apk"
"4e41b31c1e805ebaeb29d55a482e0f681dc0b65d2f27b47e45ef040e8e350e38","E:\train_2\4e41b31c1e805ebaeb29d55a482e0f681dc0b65d2f27b47e45ef040e8e350e38.apk","E:\train_already\4e41b31c1e805ebaeb29d55a482e0f681dc0b65d2f27b47e45ef040e8e350e38.apk"
"4e474c7be59e91250febf49401d3b81b070b97c939e7d53ae36254f881668c13","E:\train_2\4e474c7be59e91250febf49401d3b81b070b97c939e7d53ae36254f881668c13.apk","E:\train_already\4e474c7be59e91250febf49401d3b81b070b97c939e7d53ae36254f881668c13.apk"
"4e516bc737fb0541cfb9ccc8a0cc5454f62ff003a205a4c8b049b634279031c3","E:\train_2\4e516bc737fb0541cfb9ccc8a0cc5454f62ff003a205a4c8b049b634279031c3.apk","E:\train_already\4e516bc737fb0541cfb9ccc8a0cc5454f62ff003a205a4c8b049b634279031c3.apk"
"4e5210b4924217904ce678d7407c56ae9ce1dab11a6ac2f0237f1cdb65dd5eb2","E:\train_2\4e5210b4924217904ce678d7407c56ae9ce1dab11a6ac2f0237f1cdb65dd5eb2.apk","E:\train_already\4e5210b4924217904ce678d7407c56ae9ce1dab11a6ac2f0237f1cdb65dd5eb2.apk"
"4e6018c79d45ad5a86026c69c9097b2ef8047f5036ead3f172dd9a5eb9af2f5a","E:\train_2\4e6018c79d45ad5a86026c69c9097b2ef8047f5036ead3f172dd9a5eb9af2f5a.apk","E:\train_already\4e6018c79d45ad5a86026c69c9097b2ef8047f5036ead3f172dd9a5eb9af2f5a.apk"
"4e835a6a0b232f43b6c61c68911f734ea5af828b3f4b5e459fc54ec1a746550b","E:\train_2\4e835a6a0b232f43b6c61c68911f734ea5af828b3f4b5e459fc54ec1a746550b.apk","E:\train_already\4e835a6a0b232f43b6c61c68911f734ea5af828b3f4b5e459fc54ec1a746550b.apk"
"4eac7f3251ff13ff3c27e30e9aab8479e4771630fd889ff0e1f36101d149feae","E:\train_2\4eac7f3251ff13ff3c27e30e9aab8479e4771630fd889ff0e1f36101d149feae.apk","E:\train_already\4eac7f3251ff13ff3c27e30e9aab8479e4771630fd889ff0e1f36101d149feae.apk"
"4eba1dc88b7928a807836ba46656c0652df58edad994965c180bfcad425115ab","E:\train_2\4eba1dc88b7928a807836ba46656c0652df58edad994965c180bfcad425115ab.apk","E:\train_already\4eba1dc88b7928a807836ba46656c0652df58edad994965c180bfcad425115ab.apk"
"4f24c1e3826b6d3d567f20dbb6006730c3e51aeac4bf1f014fe3967daf7cb553","E:\train_2\4f24c1e3826b6d3d567f20dbb6006730c3e51aeac4bf1f014fe3967daf7cb553.apk","E:\train_already\4f24c1e3826b6d3d567f20dbb6006730c3e51aeac4bf1f014fe3967daf7cb553.apk"
"4f3045aa74801d47d21b076e65174e1243e4aa873fa3c8cf7a2b84efdd7eed27","E:\train_2\4f3045aa74801d47d21b076e65174e1243e4aa873fa3c8cf7a2b84efdd7eed27.apk","E:\train_already\4f3045aa74801d47d21b076e65174e1243e4aa873fa3c8cf7a2b84efdd7eed27.apk"
"4f39524a3e0dc4885aeb06fcad0461136c19d5e0e009a4957268f578d853a65a","E:\train_2\4f39524a3e0dc4885aeb06fcad0461136c19d5e0e009a4957268f578d853a65a.apk","E:\train_already\4f39524a3e0dc4885aeb06fcad0461136c19d5e0e009a4957268f578d853a65a.apk"
"4f443a8d2a9f03e404c9ccda63bf6fb3a596f10d3cc37c22ebd7fc6fc89b9262","E:\train_2\4f443a8d2a9f03e404c9ccda63bf6fb3a596f10d3cc37c22ebd7fc6fc89b9262.apk","E:\train_already\4f443a8d2a9f03e404c9ccda63bf6fb3a596f10d3cc37c22ebd7fc6fc89b9262.apk"
"4f62b38a0490bce41bf510f029d313f6f4c3501b2938bb87786a67d280594f74","E:\train_2\4f62b38a0490bce41bf510f029d313f6f4c3501b2938bb87786a67d280594f74.apk","E:\train_already\4f62b38a0490bce41bf510f029d313f6f4c3501b2938bb87786a67d280594f74.apk"
"4f891e005406dad0a8145eda88ba0140459b6a14818d8b50b08d8d7f572230d4","E:\train_2\4f891e005406dad0a8145eda88ba0140459b6a14818d8b50b08d8d7f572230d4.apk","E:\train_already\4f891e005406dad0a8145eda88ba0140459b6a14818d8b50b08d8d7f572230d4.apk"
"4f8c94eb1aa996a25a61a316293f2fbfbbf456b076479f590cdc0c3b7e73ebb2","E:\train_2\4f8c94eb1aa996a25a61a316293f2fbfbbf456b076479f590cdc0c3b7e73ebb2.apk","E:\train_already\4f8c94eb1aa996a25a61a316293f2fbfbbf456b076479f590cdc0c3b7e73ebb2.apk"
"4fe82b73df7b7a0de9ccaa731083392f6db93ebfb61c777594be1960d521bb1e","E:\train_2\4fe82b73df7b7a0de9ccaa731083392f6db93ebfb61c777594be1960d521bb1e.apk","E:\train_already\4fe82b73df7b7a0de9ccaa731083392f6db93ebfb61c777594be1960d521bb1e.apk"
"5adcc46be7e54851d98e7d5c6131fe86db2332b878f3307a97468e7244aacf78","E:\train_2\5adcc46be7e54851d98e7d5c6131fe86db2332b878f3307a97468e7244aacf78.apk","E:\train_already\5adcc46be7e54851d98e7d5c6131fe86db2332b878f3307a97468e7244aacf78.apk"
"5bb97449c0ca61247544edc1010c75ae02b04118e8e7141e666e6a227153d3ea","E:\train_2\5bb97449c0ca61247544edc1010c75ae02b04118e8e7141e666e6a227153d3ea.apk","E:\train_already\5bb97449c0ca61247544edc1010c75ae02b04118e8e7141e666e6a227153d3ea.apk"
"5c58a2bb69f7aff2b94440d7fc0376fe7808447d2aac5f755d6e0af26f301ff4","E:\train_2\5c58a2bb69f7aff2b94440d7fc0376fe7808447d2aac5f755d6e0af26f301ff4.apk","E:\train_already\5c58a2bb69f7aff2b94440d7fc0376fe7808447d2aac5f755d6e0af26f301ff4.apk"
"5ccea360ce88fd378b2199d0853f6ff9c9227c58ca8cf2b010c05ba0f3d05b81","E:\train_2\5ccea360ce88fd378b2199d0853f6ff9c9227c58ca8cf2b010c05ba0f3d05b81.apk","E:\train_already\5ccea360ce88fd378b2199d0853f6ff9c9227c58ca8cf2b010c05ba0f3d05b81.apk"
"5d2818d3ab967e4d8c92c521dfd65599367aa7c254425b261b7251aec5a411c7","E:\train_2\5d2818d3ab967e4d8c92c521dfd65599367aa7c254425b261b7251aec5a411c7.apk","E:\train_already\5d2818d3ab967e4d8c92c521dfd65599367aa7c254425b261b7251aec5a411c7.apk"
"5d52a09755eee459bfafb566a7f4dbedec061db940f040dbe55c47d53372e7ba","E:\train_2\5d52a09755eee459bfafb566a7f4dbedec061db940f040dbe55c47d53372e7ba.apk","E:\train_already\5d52a09755eee459bfafb566a7f4dbedec061db940f040dbe55c47d53372e7ba.apk"
"5defc988f8a623962d9bec64c668b39baca4ba776e34b2b78968256d7a808414","E:\train_2\5defc988f8a623962d9bec64c668b39baca4ba776e34b2b78968256d7a808414.apk","E:\train_already\5defc988f8a623962d9bec64c668b39baca4ba776e34b2b78968256d7a808414.apk"
"5e50f8f4c30c9ddb3c53afa40b15ae4379710945e268dccb67b5d48d1a4311a2","E:\train_2\5e50f8f4c30c9ddb3c53afa40b15ae4379710945e268dccb67b5d48d1a4311a2.apk","E:\train_already\5e50f8f4c30c9ddb3c53afa40b15ae4379710945e268dccb67b5d48d1a4311a2.apk"
"5e5506465b5e551933816fa23a6a262ee717aaf8e4fb39448eb5a0c7bd225ac5","E:\train_2\5e5506465b5e551933816fa23a6a262ee717aaf8e4fb39448eb5a0c7bd225ac5.apk","E:\train_already\5e5506465b5e551933816fa23a6a262ee717aaf8e4fb39448eb5a0c7bd225ac5.apk"
"5ec21471280cfb9b01988db6f2c23d6840f0e82d7c50ba096015f1663d95b0f2","E:\train_2\5ec21471280cfb9b01988db6f2c23d6840f0e82d7c50ba096015f1663d95b0f2.apk","E:\train_already\5ec21471280cfb9b01988db6f2c23d6840f0e82d7c50ba096015f1663d95b0f2.apk"
