"id","apk_name","apk_path"
"649eb6a209a721e84d6fd3138c46086814246484a4ea756e7ee4694cde1e95fe","649eb6a209a721e84d6fd3138c46086814246484a4ea756e7ee4694cde1e95fe.apk","D:\train\649eb6a209a721e84d6fd3138c46086814246484a4ea756e7ee4694cde1e95fe.apk"
"670035ce8e63327a8d153563a5d6f3d90a88b9890cbf49dbbd896a9ae6d38ef9","670035ce8e63327a8d153563a5d6f3d90a88b9890cbf49dbbd896a9ae6d38ef9.apk","D:\train\670035ce8e63327a8d153563a5d6f3d90a88b9890cbf49dbbd896a9ae6d38ef9.apk"
"692bc2fbf0b977609f7cd105945431d20f70e1847957118a181921b34622c81e","692bc2fbf0b977609f7cd105945431d20f70e1847957118a181921b34622c81e.apk","D:\train\692bc2fbf0b977609f7cd105945431d20f70e1847957118a181921b34622c81e.apk"
"6c5fc05f35ef8ce4801214d9104036063eaea0d5e80179c1d9f022818c5ce211","6c5fc05f35ef8ce4801214d9104036063eaea0d5e80179c1d9f022818c5ce211.apk","D:\train\6c5fc05f35ef8ce4801214d9104036063eaea0d5e80179c1d9f022818c5ce211.apk"
"6f3ce22be9ccef728d2c53dcb9d98375b65faf5d952f627948adcacd9c0f72a8","6f3ce22be9ccef728d2c53dcb9d98375b65faf5d952f627948adcacd9c0f72a8.apk","D:\train\6f3ce22be9ccef728d2c53dcb9d98375b65faf5d952f627948adcacd9c0f72a8.apk"
"6fff5aa157390ecf04c9a2ebe2e8af26a5fba469339d0e35bc955e97fe67423e","6fff5aa157390ecf04c9a2ebe2e8af26a5fba469339d0e35bc955e97fe67423e.apk","D:\train\6fff5aa157390ecf04c9a2ebe2e8af26a5fba469339d0e35bc955e97fe67423e.apk"
"711f8f7f3d39e5f1074cf13dc326e761c2fbbefa72dc9aa395e3ce7539947661","711f8f7f3d39e5f1074cf13dc326e761c2fbbefa72dc9aa395e3ce7539947661.apk","D:\train\711f8f7f3d39e5f1074cf13dc326e761c2fbbefa72dc9aa395e3ce7539947661.apk"
"7367c141cea7553e10f798aef73756b59806c45713d59296eccccadae9fe175b","7367c141cea7553e10f798aef73756b59806c45713d59296eccccadae9fe175b.apk","D:\train\7367c141cea7553e10f798aef73756b59806c45713d59296eccccadae9fe175b.apk"
"79f3161b628bebb6bee899742478f71e8632109ac3d3bb5911932c97d005a504","79f3161b628bebb6bee899742478f71e8632109ac3d3bb5911932c97d005a504.apk","D:\train\79f3161b628bebb6bee899742478f71e8632109ac3d3bb5911932c97d005a504.apk"
"7b3f2d5e3212bc1e7536f05a4bf2da871ded606df98160aa2d62630511f39679","7b3f2d5e3212bc1e7536f05a4bf2da871ded606df98160aa2d62630511f39679.apk","D:\train\7b3f2d5e3212bc1e7536f05a4bf2da871ded606df98160aa2d62630511f39679.apk"
"80855e6ff180cdb94bbd02b3648a7267a240977f384846bc8e1b23094ef2506f","80855e6ff180cdb94bbd02b3648a7267a240977f384846bc8e1b23094ef2506f.apk","D:\train\80855e6ff180cdb94bbd02b3648a7267a240977f384846bc8e1b23094ef2506f.apk"
"82cce612e859c66d98a92b16da4b4814fe7044f6802efb826498431587e6643b","82cce612e859c66d98a92b16da4b4814fe7044f6802efb826498431587e6643b.apk","D:\train\82cce612e859c66d98a92b16da4b4814fe7044f6802efb826498431587e6643b.apk"
"83735ea8018cec94fb51468625f71cfaa41964dd983df35e8470ff02c92cb340","83735ea8018cec94fb51468625f71cfaa41964dd983df35e8470ff02c92cb340.apk","D:\train\83735ea8018cec94fb51468625f71cfaa41964dd983df35e8470ff02c92cb340.apk"
"860c4c05df3cb016cb7f0c994d02931870cd79688295418b953ecf00f62eb221","860c4c05df3cb016cb7f0c994d02931870cd79688295418b953ecf00f62eb221.apk","D:\train\860c4c05df3cb016cb7f0c994d02931870cd79688295418b953ecf00f62eb221.apk"
"86b690dc5465a6e3d03bf306e130dee4d8889fdf1b05b20478d0bc74007141a1","86b690dc5465a6e3d03bf306e130dee4d8889fdf1b05b20478d0bc74007141a1.apk","D:\train\86b690dc5465a6e3d03bf306e130dee4d8889fdf1b05b20478d0bc74007141a1.apk"
"8705ae753c1755303a790b933ecf0880fe074451b469f684769ab0673077a31f","8705ae753c1755303a790b933ecf0880fe074451b469f684769ab0673077a31f.apk","D:\train\8705ae753c1755303a790b933ecf0880fe074451b469f684769ab0673077a31f.apk"
"887c559933f3468f19cac572628399e9f62b5538f208a3442932c228ffe30924","887c559933f3468f19cac572628399e9f62b5538f208a3442932c228ffe30924.apk","D:\train\887c559933f3468f19cac572628399e9f62b5538f208a3442932c228ffe30924.apk"
"889595abd2791be79d75dc5f962b8100fa066236eb7ec24051dbf26b4709e54d","889595abd2791be79d75dc5f962b8100fa066236eb7ec24051dbf26b4709e54d.apk","D:\train\889595abd2791be79d75dc5f962b8100fa066236eb7ec24051dbf26b4709e54d.apk"
"890ce4d449cca37f7a31fff70aeb2c67e684f5719407bbb6f22129cf9923d5cf","890ce4d449cca37f7a31fff70aeb2c67e684f5719407bbb6f22129cf9923d5cf.apk","D:\train\890ce4d449cca37f7a31fff70aeb2c67e684f5719407bbb6f22129cf9923d5cf.apk"
"89ebb5491189245058529365c0c8db53e1ed1bb2e289a0260e7a9e82c90f5b4a","89ebb5491189245058529365c0c8db53e1ed1bb2e289a0260e7a9e82c90f5b4a.apk","D:\train\89ebb5491189245058529365c0c8db53e1ed1bb2e289a0260e7a9e82c90f5b4a.apk"
"8a47bf9466faac345bf076b369be386c091f90bca580ab026b0ef010636819fe","8a47bf9466faac345bf076b369be386c091f90bca580ab026b0ef010636819fe.apk","D:\train\8a47bf9466faac345bf076b369be386c091f90bca580ab026b0ef010636819fe.apk"
"8d2c61557207bc3ec69ff88954e295a228208867f2ff01ded55a3f2c5581686b","8d2c61557207bc3ec69ff88954e295a228208867f2ff01ded55a3f2c5581686b.apk","D:\train\8d2c61557207bc3ec69ff88954e295a228208867f2ff01ded55a3f2c5581686b.apk"
"8db09c96c5ea7ece1675dcfa1affee3a8015f03367202d2a3394bbf1c24fcd2b","8db09c96c5ea7ece1675dcfa1affee3a8015f03367202d2a3394bbf1c24fcd2b.apk","D:\train\8db09c96c5ea7ece1675dcfa1affee3a8015f03367202d2a3394bbf1c24fcd2b.apk"
"8eb44091abd9991b1dc94d5c8b7c12b7ca33651a88139840badc1963447e1d44","8eb44091abd9991b1dc94d5c8b7c12b7ca33651a88139840badc1963447e1d44.apk","D:\train\8eb44091abd9991b1dc94d5c8b7c12b7ca33651a88139840badc1963447e1d44.apk"
"8ff10fcfd4c4d06ab060549ebb295b5e43f5e54efc1482e27489363fe19bdcc0","8ff10fcfd4c4d06ab060549ebb295b5e43f5e54efc1482e27489363fe19bdcc0.apk","D:\train\8ff10fcfd4c4d06ab060549ebb295b5e43f5e54efc1482e27489363fe19bdcc0.apk"
"9039064ee40f2f060d6e1556ae9d0010e865e4542293f4cad6b61bde85fbc2c9","9039064ee40f2f060d6e1556ae9d0010e865e4542293f4cad6b61bde85fbc2c9.apk","D:\train\9039064ee40f2f060d6e1556ae9d0010e865e4542293f4cad6b61bde85fbc2c9.apk"
"9637b9871349646a98ce88a7ed31c339599dc199f71d99887a91ff6d972ea626","9637b9871349646a98ce88a7ed31c339599dc199f71d99887a91ff6d972ea626.apk","D:\train\9637b9871349646a98ce88a7ed31c339599dc199f71d99887a91ff6d972ea626.apk"
"9759508971df975aebc21549fb60b329eafde6d3089a53b6c4c82757607425c9","9759508971df975aebc21549fb60b329eafde6d3089a53b6c4c82757607425c9.apk","D:\train\9759508971df975aebc21549fb60b329eafde6d3089a53b6c4c82757607425c9.apk"
"979128170350a912aa24dfd57033bbdae3c7a04337d0c644ef41a15c5dafdb3f","979128170350a912aa24dfd57033bbdae3c7a04337d0c644ef41a15c5dafdb3f.apk","D:\train\979128170350a912aa24dfd57033bbdae3c7a04337d0c644ef41a15c5dafdb3f.apk"
"98845324d9ceb4270823bb42ecef432eb000e015ea7f7188e172b37047adfcf1","98845324d9ceb4270823bb42ecef432eb000e015ea7f7188e172b37047adfcf1.apk","D:\train\98845324d9ceb4270823bb42ecef432eb000e015ea7f7188e172b37047adfcf1.apk"
"98a6341f749a597c0aa4d1edf683340ee43281056fbb26d0165acbc6582ef294","98a6341f749a597c0aa4d1edf683340ee43281056fbb26d0165acbc6582ef294.apk","D:\train\98a6341f749a597c0aa4d1edf683340ee43281056fbb26d0165acbc6582ef294.apk"
"9ad3a816c22ccb18479a7ec37db43ea78aa996c9cfb195b85cd6c3ebcc94e33a","9ad3a816c22ccb18479a7ec37db43ea78aa996c9cfb195b85cd6c3ebcc94e33a.apk","D:\train\9ad3a816c22ccb18479a7ec37db43ea78aa996c9cfb195b85cd6c3ebcc94e33a.apk"
"9bac099b385f73ab95f5cdc8a7a066619f326a80a9614f1047569c17f482a475","9bac099b385f73ab95f5cdc8a7a066619f326a80a9614f1047569c17f482a475.apk","D:\train\9bac099b385f73ab95f5cdc8a7a066619f326a80a9614f1047569c17f482a475.apk"
"9c653cc65450f5478dc1424fcf003576fb87417aa72cfa85edbce5a7dee799bd","9c653cc65450f5478dc1424fcf003576fb87417aa72cfa85edbce5a7dee799bd.apk","D:\train\9c653cc65450f5478dc1424fcf003576fb87417aa72cfa85edbce5a7dee799bd.apk"
"9c9db42293ab9ef26656cfbf9c44eb267c87fa617c801437c1f3a313d3c4dc7d","9c9db42293ab9ef26656cfbf9c44eb267c87fa617c801437c1f3a313d3c4dc7d.apk","D:\train\9c9db42293ab9ef26656cfbf9c44eb267c87fa617c801437c1f3a313d3c4dc7d.apk"
"9e8528d40a525018ed0a36171e452fc3d7d901c8bd324971a6a99e25003bc3d5","9e8528d40a525018ed0a36171e452fc3d7d901c8bd324971a6a99e25003bc3d5.apk","D:\train\9e8528d40a525018ed0a36171e452fc3d7d901c8bd324971a6a99e25003bc3d5.apk"
"a0482a574417ae6f13a85f4a26d67e681a79553ae6a607b3b43f840204622482","a0482a574417ae6f13a85f4a26d67e681a79553ae6a607b3b43f840204622482.apk","D:\train\a0482a574417ae6f13a85f4a26d67e681a79553ae6a607b3b43f840204622482.apk"
"a46f57c4875c0f87b624e02e079d8d64f6fc2c6f632d3558f82a83055b317aec","a46f57c4875c0f87b624e02e079d8d64f6fc2c6f632d3558f82a83055b317aec.apk","D:\train\a46f57c4875c0f87b624e02e079d8d64f6fc2c6f632d3558f82a83055b317aec.apk"
"a517c12ba3cd32715f455a12d83f8b22c762bf8c3aa1e52e9e454c953c99e5b6","a517c12ba3cd32715f455a12d83f8b22c762bf8c3aa1e52e9e454c953c99e5b6.apk","D:\train\a517c12ba3cd32715f455a12d83f8b22c762bf8c3aa1e52e9e454c953c99e5b6.apk"
"a674f34aa8a52f9fe184f060c2bb3e0e977271c9867ac423e6dd2d35917d4533","a674f34aa8a52f9fe184f060c2bb3e0e977271c9867ac423e6dd2d35917d4533.apk","D:\train\a674f34aa8a52f9fe184f060c2bb3e0e977271c9867ac423e6dd2d35917d4533.apk"
"a6b662b351b52909fc226e1e190c5647a7603da7f0f38a3bc9eb7736cb056eb1","a6b662b351b52909fc226e1e190c5647a7603da7f0f38a3bc9eb7736cb056eb1.apk","D:\train\a6b662b351b52909fc226e1e190c5647a7603da7f0f38a3bc9eb7736cb056eb1.apk"
"a6cbe165094503aa8984a574eae35ab6bad896be73719369851eb53c9865c093","a6cbe165094503aa8984a574eae35ab6bad896be73719369851eb53c9865c093.apk","D:\train\a6cbe165094503aa8984a574eae35ab6bad896be73719369851eb53c9865c093.apk"
"a927283eb500a20c948c14feb2665ed6c8826f08f85d968ebfe6aafad9932493","a927283eb500a20c948c14feb2665ed6c8826f08f85d968ebfe6aafad9932493.apk","D:\train\a927283eb500a20c948c14feb2665ed6c8826f08f85d968ebfe6aafad9932493.apk"
"a977dc11e269959caaf63f626da705c94a3e3fbd0fe22746423171f91bee15e9","a977dc11e269959caaf63f626da705c94a3e3fbd0fe22746423171f91bee15e9.apk","D:\train\a977dc11e269959caaf63f626da705c94a3e3fbd0fe22746423171f91bee15e9.apk"
"aa9601f7b64769c9fd3994ae72af3a3626ea25f655d96ff5c420a7368d222e48","aa9601f7b64769c9fd3994ae72af3a3626ea25f655d96ff5c420a7368d222e48.apk","D:\train\aa9601f7b64769c9fd3994ae72af3a3626ea25f655d96ff5c420a7368d222e48.apk"
"abc7af60a03959908e6b15919ff2245a5c69a95fb15f6b26ce3615af25233c8e","abc7af60a03959908e6b15919ff2245a5c69a95fb15f6b26ce3615af25233c8e.apk","D:\train\abc7af60a03959908e6b15919ff2245a5c69a95fb15f6b26ce3615af25233c8e.apk"
"ae012367ade945c5fc8fb2b54f1ad72925c95e0a8c70ab74f0fb0a07cf8b1dab","ae012367ade945c5fc8fb2b54f1ad72925c95e0a8c70ab74f0fb0a07cf8b1dab.apk","D:\train\ae012367ade945c5fc8fb2b54f1ad72925c95e0a8c70ab74f0fb0a07cf8b1dab.apk"
"b9cc20ffb20d7550ad544294fed75ac775adc596a60a21169c91d7593b53f6d7","b9cc20ffb20d7550ad544294fed75ac775adc596a60a21169c91d7593b53f6d7.apk","D:\train\b9cc20ffb20d7550ad544294fed75ac775adc596a60a21169c91d7593b53f6d7.apk"
"bbe2dd3b1b98658d18b5aee171b836cd74ea6104faf5037a5230321743147e2f","bbe2dd3b1b98658d18b5aee171b836cd74ea6104faf5037a5230321743147e2f.apk","D:\train\bbe2dd3b1b98658d18b5aee171b836cd74ea6104faf5037a5230321743147e2f.apk"
"bbfb2b0fed2b361584ae614c30d221b9170689cab412e9aec7d916694370a0b5","bbfb2b0fed2b361584ae614c30d221b9170689cab412e9aec7d916694370a0b5.apk","D:\train\bbfb2b0fed2b361584ae614c30d221b9170689cab412e9aec7d916694370a0b5.apk"
"c35ae4601af5e0de647450e8d30e3026c65e72c5ac1d106e1afdf0d5e7c2a234","c35ae4601af5e0de647450e8d30e3026c65e72c5ac1d106e1afdf0d5e7c2a234.apk","D:\train\c35ae4601af5e0de647450e8d30e3026c65e72c5ac1d106e1afdf0d5e7c2a234.apk"
"c37d4c65c4112f2216e1c3e13adba29fe66295378f467d8dcf53bd483e4fc66a","c37d4c65c4112f2216e1c3e13adba29fe66295378f467d8dcf53bd483e4fc66a.apk","D:\train\c37d4c65c4112f2216e1c3e13adba29fe66295378f467d8dcf53bd483e4fc66a.apk"
"c6309539d68c74cd918083ff6a5fb766c4a6eabe08b4b24147d541ea2723edb7","c6309539d68c74cd918083ff6a5fb766c4a6eabe08b4b24147d541ea2723edb7.apk","D:\train\c6309539d68c74cd918083ff6a5fb766c4a6eabe08b4b24147d541ea2723edb7.apk"
"c6cdd77c50f4c95fd08f8b460141f76c6d6cdda639d731f899724eec0b903296","c6cdd77c50f4c95fd08f8b460141f76c6d6cdda639d731f899724eec0b903296.apk","D:\train\c6cdd77c50f4c95fd08f8b460141f76c6d6cdda639d731f899724eec0b903296.apk"
"c74be2a69cb5d3afd5acb7be20811a1681e6f95576be3f837ef1052bd6887a72","c74be2a69cb5d3afd5acb7be20811a1681e6f95576be3f837ef1052bd6887a72.apk","D:\train\c74be2a69cb5d3afd5acb7be20811a1681e6f95576be3f837ef1052bd6887a72.apk"
"cb4bd704d4aa02ee6228dd083384214ba50478c826777cfaefb4e2732b420ffc","cb4bd704d4aa02ee6228dd083384214ba50478c826777cfaefb4e2732b420ffc.apk","D:\train\cb4bd704d4aa02ee6228dd083384214ba50478c826777cfaefb4e2732b420ffc.apk"
"cca914401f8525e93a57c89da95224dd8788aac4fc4ef79ec6a15d073c00b811","cca914401f8525e93a57c89da95224dd8788aac4fc4ef79ec6a15d073c00b811.apk","D:\train\cca914401f8525e93a57c89da95224dd8788aac4fc4ef79ec6a15d073c00b811.apk"
"cd04807389287f1fc2d41991097d0020e68e2a2fae858468655e85b896359380","cd04807389287f1fc2d41991097d0020e68e2a2fae858468655e85b896359380.apk","D:\train\cd04807389287f1fc2d41991097d0020e68e2a2fae858468655e85b896359380.apk"
"ce49ea727867c7614b762a60f2efec48baa9939e8571a458ac14f797b0381ec9","ce49ea727867c7614b762a60f2efec48baa9939e8571a458ac14f797b0381ec9.apk","D:\train\ce49ea727867c7614b762a60f2efec48baa9939e8571a458ac14f797b0381ec9.apk"
"d0c395b9bc4f6a64ec5d258fd491c5a6acacb9f3009994434882651f82c1d801","d0c395b9bc4f6a64ec5d258fd491c5a6acacb9f3009994434882651f82c1d801.apk","D:\train\d0c395b9bc4f6a64ec5d258fd491c5a6acacb9f3009994434882651f82c1d801.apk"
"d163e3449b64f768b7c4a2e8bc7f82a5f013d84874172f8f668fb1e15c33a9c0","d163e3449b64f768b7c4a2e8bc7f82a5f013d84874172f8f668fb1e15c33a9c0.apk","D:\train\d163e3449b64f768b7c4a2e8bc7f82a5f013d84874172f8f668fb1e15c33a9c0.apk"
"d17e9bf969cf25d2e11dd1ff71bdbe3081827c0a64e48efce9ee76a3b7c79b98","d17e9bf969cf25d2e11dd1ff71bdbe3081827c0a64e48efce9ee76a3b7c79b98.apk","D:\train\d17e9bf969cf25d2e11dd1ff71bdbe3081827c0a64e48efce9ee76a3b7c79b98.apk"
"d2b11bf9edc9b99725bfbfcff6325305c1b567664d860642bac5b843cfc6bb0e","d2b11bf9edc9b99725bfbfcff6325305c1b567664d860642bac5b843cfc6bb0e.apk","D:\train\d2b11bf9edc9b99725bfbfcff6325305c1b567664d860642bac5b843cfc6bb0e.apk"
"d443c080eadb78cbb67c23c5d8b10cd3807d39c2b498f8791079b4e6327eb7c5","d443c080eadb78cbb67c23c5d8b10cd3807d39c2b498f8791079b4e6327eb7c5.apk","D:\train\d443c080eadb78cbb67c23c5d8b10cd3807d39c2b498f8791079b4e6327eb7c5.apk"
"d48e961004cc28ce4f7909fbb650712c30d780986f3aa3a90b5abb69928ea98a","d48e961004cc28ce4f7909fbb650712c30d780986f3aa3a90b5abb69928ea98a.apk","D:\train\d48e961004cc28ce4f7909fbb650712c30d780986f3aa3a90b5abb69928ea98a.apk"
"d907445d936caeb976587d0729bfa1f5ccf681f96e39eedca362fa5e6ab07859","d907445d936caeb976587d0729bfa1f5ccf681f96e39eedca362fa5e6ab07859.apk","D:\train\d907445d936caeb976587d0729bfa1f5ccf681f96e39eedca362fa5e6ab07859.apk"
"d9f280bdb2778900ac6219239dce4c2449d05fe47ac07c8d7e5c54848a333436","d9f280bdb2778900ac6219239dce4c2449d05fe47ac07c8d7e5c54848a333436.apk","D:\train\d9f280bdb2778900ac6219239dce4c2449d05fe47ac07c8d7e5c54848a333436.apk"
"db38cac907c7eca1775d170ec2434eeaea070e41071a5d97b09c385c97bdebb5","db38cac907c7eca1775d170ec2434eeaea070e41071a5d97b09c385c97bdebb5.apk","D:\train\db38cac907c7eca1775d170ec2434eeaea070e41071a5d97b09c385c97bdebb5.apk"
"db3ee0253416f63e10aa06d0661cd8819f768d9c207b49d3139414aed673b765","db3ee0253416f63e10aa06d0661cd8819f768d9c207b49d3139414aed673b765.apk","D:\train\db3ee0253416f63e10aa06d0661cd8819f768d9c207b49d3139414aed673b765.apk"
"db9ba1563126a3d7852a4ee9c2589c000f9f50b2365949e2bdb22046af18ad95","db9ba1563126a3d7852a4ee9c2589c000f9f50b2365949e2bdb22046af18ad95.apk","D:\train\db9ba1563126a3d7852a4ee9c2589c000f9f50b2365949e2bdb22046af18ad95.apk"
"dd369e816c6d052cad3934e6744c0071e6c7361897d7690f883d735d013570ad","dd369e816c6d052cad3934e6744c0071e6c7361897d7690f883d735d013570ad.apk","D:\train\dd369e816c6d052cad3934e6744c0071e6c7361897d7690f883d735d013570ad.apk"
"de2c70e44969e7375e478fd4b7f7b83be5507a4a12d441a5d4e9121be60fc55a","de2c70e44969e7375e478fd4b7f7b83be5507a4a12d441a5d4e9121be60fc55a.apk","D:\train\de2c70e44969e7375e478fd4b7f7b83be5507a4a12d441a5d4e9121be60fc55a.apk"
"dfd4e2a93a1ee49c5ec6717c0a448eaa6622a04be87318c632affb6c6611610e","dfd4e2a93a1ee49c5ec6717c0a448eaa6622a04be87318c632affb6c6611610e.apk","D:\train\dfd4e2a93a1ee49c5ec6717c0a448eaa6622a04be87318c632affb6c6611610e.apk"
"e78a390abd596b1622301aa68239f1f7e95027799f48614cd29eee56574a4b81","e78a390abd596b1622301aa68239f1f7e95027799f48614cd29eee56574a4b81.apk","D:\train\e78a390abd596b1622301aa68239f1f7e95027799f48614cd29eee56574a4b81.apk"
"e7afcb6a5825da15b9da62a176bd5383b3f96aa840b0cea3a2046295cce38752","e7afcb6a5825da15b9da62a176bd5383b3f96aa840b0cea3a2046295cce38752.apk","D:\train\e7afcb6a5825da15b9da62a176bd5383b3f96aa840b0cea3a2046295cce38752.apk"
"e8d0159b7165dd3ec6ff532d28f0e5f1b45fc568a0c211993652e456a3de8255","e8d0159b7165dd3ec6ff532d28f0e5f1b45fc568a0c211993652e456a3de8255.apk","D:\train\e8d0159b7165dd3ec6ff532d28f0e5f1b45fc568a0c211993652e456a3de8255.apk"
"ea5d792b1a16e9abca99178d72d64ba80f620099df7519155c08d5257717a33f","ea5d792b1a16e9abca99178d72d64ba80f620099df7519155c08d5257717a33f.apk","D:\train\ea5d792b1a16e9abca99178d72d64ba80f620099df7519155c08d5257717a33f.apk"
"ecdba4444f4af938af80873fb771f004fa3e8366a22192f16b91d0e87419a720","ecdba4444f4af938af80873fb771f004fa3e8366a22192f16b91d0e87419a720.apk","D:\train\ecdba4444f4af938af80873fb771f004fa3e8366a22192f16b91d0e87419a720.apk"
"ee5c3069a083d6f4f05b8bdabd9de0599aa37b573ac45b45dd486a85ab3dab0f","ee5c3069a083d6f4f05b8bdabd9de0599aa37b573ac45b45dd486a85ab3dab0f.apk","D:\train\ee5c3069a083d6f4f05b8bdabd9de0599aa37b573ac45b45dd486a85ab3dab0f.apk"
"efdc0e3a3d0e28064a2e074c66c82bb0d52c290090650353cbca5f2433955a99","efdc0e3a3d0e28064a2e074c66c82bb0d52c290090650353cbca5f2433955a99.apk","D:\train\efdc0e3a3d0e28064a2e074c66c82bb0d52c290090650353cbca5f2433955a99.apk"
"f11f2b7779db762c7a4be00bee5c9b8598030c3abcbac9070584f0e1019ac0fc","f11f2b7779db762c7a4be00bee5c9b8598030c3abcbac9070584f0e1019ac0fc.apk","D:\train\f11f2b7779db762c7a4be00bee5c9b8598030c3abcbac9070584f0e1019ac0fc.apk"
"f6b087fc99c1b7b4379a0b76bcaa2e94019819e2270ac369b020c842e7cb6f4a","f6b087fc99c1b7b4379a0b76bcaa2e94019819e2270ac369b020c842e7cb6f4a.apk","D:\train\f6b087fc99c1b7b4379a0b76bcaa2e94019819e2270ac369b020c842e7cb6f4a.apk"
"f86239adce17b92dc75dc2963834d8a55ddc2dfe9463711da5fbc0efc50b954d","f86239adce17b92dc75dc2963834d8a55ddc2dfe9463711da5fbc0efc50b954d.apk","D:\train\f86239adce17b92dc75dc2963834d8a55ddc2dfe9463711da5fbc0efc50b954d.apk"
"fdf6e75327c9878ce9ac20f9060f52859d557d28200c0ac3579af5d835ba8b59","fdf6e75327c9878ce9ac20f9060f52859d557d28200c0ac3579af5d835ba8b59.apk","D:\train\fdf6e75327c9878ce9ac20f9060f52859d557d28200c0ac3579af5d835ba8b59.apk"
"fdf910ebb906502092b99eae5d04dfb7b32afd1d22b60729c10e6d6d3f9e1a99","fdf910ebb906502092b99eae5d04dfb7b32afd1d22b60729c10e6d6d3f9e1a99.apk","D:\train\fdf910ebb906502092b99eae5d04dfb7b32afd1d22b60729c10e6d6d3f9e1a99.apk"
"ff88fde5646ead8f5eae09e97788a964e74e47fb15c376c29f1a046db8da2c98","ff88fde5646ead8f5eae09e97788a964e74e47fb15c376c29f1a046db8da2c98.apk","D:\train\ff88fde5646ead8f5eae09e97788a964e74e47fb15c376c29f1a046db8da2c98.apk"
